surah_id,surah_name,ayah_number,similarity,source,start,end,duration,word_count,char_count,position_in_surah,position_pct,text
42,الشورى,2,0.036,new_dp,22.42,31.89,9.47,1,6,2/53,3.8,عٓسٓقٓ
74,المدثر,15,0.111,new_dp_only,66.97,67.93,0.96,4,27,15/56,26.8,ثُمَّ يَطۡمَعُ أَنۡ أَزِيدَ
4,النساء,12,0.153,old,361.38,458.6,97.22,89,681,12/176,6.8,۞ وَلَكُمۡ نِصۡفُ مَا تَرَكَ أَزۡوَٰجُكُمۡ إِن لَّمۡ يَكُن لَّهُنَّ وَلَدٞۚ فَإِن كَانَ لَهُنَّ وَلَدٞ فَلَكُمُ ٱلرُّبُعُ مِمَّا تَرَكۡنَۚ مِنۢ بَعۡدِ وَصِيَّةٖ يُوصِينَ بِهَآ أَوۡ دَيۡنٖۚ وَلَهُنَّ ٱلرُّبُعُ مِمَّا تَرَكۡتُمۡ إِن لَّمۡ يَكُن لَّكُمۡ وَلَدٞۚ فَإِن كَانَ لَكُمۡ وَلَدٞ فَلَهُنَّ ٱلثُّمُنُ مِمَّا تَرَكۡتُمۚ مِّنۢ بَعۡدِ وَصِيَّةٖ تُوصُونَ بِهَآ أَوۡ دَيۡنٖۗ وَإِن كَانَ رَجُلٞ يُورَثُ كَلَٰلَةً أَوِ ٱمۡرَأَةٞ وَلَهُۥٓ أَخٌ أَوۡ أُخۡتٞ فَلِكُلِّ وَٰحِدٖ مِّنۡهُمَا ٱلسُّدُسُۚ فَإِن كَانُوٓاْ أَكۡثَرَ مِن ذَٰلِكَ فَهُمۡ شُرَكَآءُ فِي ٱلثُّلُثِۚ مِنۢ بَعۡدِ وَصِيَّةٖ يُوصَىٰ بِهَآ أَوۡ دَيۡنٍ غَيۡرَ مُضَآرّٖۚ وَصِيَّةٗ مِّنَ ٱللَّهِۗ وَٱللَّهُ عَلِيمٌ حَلِيمٞ
74,المدثر,31,0.162,new_dp_only,124.3,201.56,77.26,57,522,31/56,55.4,وَمَا جَعَلۡنَآ أَصۡحَٰبَ ٱلنَّارِ إِلَّا مَلَٰٓئِكَةٗۖ وَمَا جَعَلۡنَا عِدَّتَهُمۡ إِلَّا فِتۡنَةٗ لِّلَّذِينَ كَفَرُواْ لِيَسۡتَيۡقِنَ ٱلَّذِينَ أُوتُواْ ٱلۡكِتَٰبَ وَيَزۡدَادَ ٱلَّذِينَ ءَامَنُوٓاْ إِيمَٰنٗا وَلَا يَرۡتَابَ ٱلَّذِينَ أُوتُواْ ٱلۡكِتَٰبَ وَٱلۡمُؤۡمِنُونَ وَلِيَقُولَ ٱلَّذِينَ فِي قُلُوبِهِم مَّرَضٞ وَٱلۡكَٰفِرُونَ مَاذَآ أَرَادَ ٱللَّهُ بِهَٰذَا مَثَلٗاۚ كَذَٰلِكَ يُضِلُّ ٱللَّهُ مَن يَشَآءُ وَيَهۡدِي مَن يَشَآءُۚ وَمَا يَعۡلَمُ جُنُودَ رَبِّكَ إِلَّا هُوَۚ وَمَا هِيَ إِلَّا ذِكۡرَىٰ لِلۡبَشَرِ
73,المزمل,20,0.266,new_dp,169.49,185.34,15.85,79,704,20/20,100.0,۞ إِنَّ رَبَّكَ يَعۡلَمُ أَنَّكَ تَقُومُ أَدۡنَىٰ مِن ثُلُثَيِ ٱلَّيۡلِ وَنِصۡفَهُۥ وَثُلُثَهُۥ وَطَآئِفَةٞ مِّنَ ٱلَّذِينَ مَعَكَۚ وَٱللَّهُ يُقَدِّرُ ٱلَّيۡلَ وَٱلنَّهَارَۚ عَلِمَ أَن لَّن تُحۡصُوهُ فَتَابَ عَلَيۡكُمۡۖ فَٱقۡرَءُواْ مَا تَيَسَّرَ مِنَ ٱلۡقُرۡءَانِۚ عَلِمَ أَن سَيَكُونُ مِنكُم مَّرۡضَىٰ وَءَاخَرُونَ يَضۡرِبُونَ فِي ٱلۡأَرۡضِ يَبۡتَغُونَ مِن فَضۡلِ ٱللَّهِ وَءَاخَرُونَ يُقَٰتِلُونَ فِي سَبِيلِ ٱللَّهِۖ فَٱقۡرَءُواْ مَا تَيَسَّرَ مِنۡهُۚ وَأَقِيمُواْ ٱلصَّلَوٰةَ وَءَاتُواْ ٱلزَّكَوٰةَ وَأَقۡرِضُواْ ٱللَّهَ قَرۡضًا حَسَنٗاۚ وَمَا تُقَدِّمُواْ لِأَنفُسِكُم مِّنۡ خَيۡرٖ تَجِدُوهُ عِندَ ٱللَّهِ هُوَ خَيۡرٗا وَأَعۡظَمَ أَجۡرٗاۚ وَٱسۡتَغۡفِرُواْ ٱللَّهَۖ إِنَّ ٱللَّهَ غَفُورٞ رَّحِيمُۢ
27,النمل,31,0.27,new_dp_only,500.04,513.34,13.3,5,47,31/93,33.3,أَلَّا تَعۡلُواْ عَلَيَّ وَأۡتُونِي مُسۡلِمِينَ
27,النمل,34,0.282,new_dp_only,542.99,546.28,3.29,13,131,34/93,36.6,قَالَتۡ إِنَّ ٱلۡمُلُوكَ إِذَا دَخَلُواْ قَرۡيَةً أَفۡسَدُوهَا وَجَعَلُوٓاْ أَعِزَّةَ أَهۡلِهَآ أَذِلَّةٗۚ وَكَذَٰلِكَ يَفۡعَلُونَ
2,البقرة,264,0.283,new_dp_only,6681.43,6741.6,60.17,38,364,264/286,92.3,يَٰٓأَيُّهَا ٱلَّذِينَ ءَامَنُواْ لَا تُبۡطِلُواْ صَدَقَٰتِكُم بِٱلۡمَنِّ وَٱلۡأَذَىٰ كَٱلَّذِي يُنفِقُ مَالَهُۥ رِئَآءَ ٱلنَّاسِ وَلَا يُؤۡمِنُ بِٱللَّهِ وَٱلۡيَوۡمِ ٱلۡأٓخِرِۖ فَمَثَلُهُۥ كَمَثَلِ صَفۡوَانٍ عَلَيۡهِ تُرَابٞ فَأَصَابَهُۥ وَابِلٞ فَتَرَكَهُۥ صَلۡدٗاۖ لَّا يَقۡدِرُونَ عَلَىٰ شَيۡءٖ مِّمَّا كَسَبُواْۗ وَٱللَّهُ لَا يَهۡدِي ٱلۡقَوۡمَ ٱلۡكَٰفِرِينَ
5,المائدة,12,0.302,old,462.94,523.3,60.36,46,444,12/120,10.0,۞ وَلَقَدۡ أَخَذَ ٱللَّهُ مِيثَٰقَ بَنِيٓ إِسۡرَٰٓءِيلَ وَبَعَثۡنَا مِنۡهُمُ ٱثۡنَيۡ عَشَرَ نَقِيبٗاۖ وَقَالَ ٱللَّهُ إِنِّي مَعَكُمۡۖ لَئِنۡ أَقَمۡتُمُ ٱلصَّلَوٰةَ وَءَاتَيۡتُمُ ٱلزَّكَوٰةَ وَءَامَنتُم بِرُسُلِي وَعَزَّرۡتُمُوهُمۡ وَأَقۡرَضۡتُمُ ٱللَّهَ قَرۡضًا حَسَنٗا لَّأُكَفِّرَنَّ عَنكُمۡ سَيِّـَٔاتِكُمۡ وَلَأُدۡخِلَنَّكُمۡ جَنَّٰتٖ تَجۡرِي مِن تَحۡتِهَا ٱلۡأَنۡهَٰرُۚ فَمَن كَفَرَ بَعۡدَ ذَٰلِكَ مِنكُمۡ فَقَدۡ ضَلَّ سَوَآءَ ٱلسَّبِيلِ
74,المدثر,13,0.308,new_dp_only,58.4,61.72,3.32,2,18,13/56,23.2,وَبَنِينَ شُهُودٗا
42,الشورى,3,0.317,new_dp,32.56,36.11,3.55,10,87,3/53,5.7,كَذَٰلِكَ يُوحِيٓ إِلَيۡكَ وَإِلَى ٱلَّذِينَ مِن قَبۡلِكَ ٱللَّهُ ٱلۡعَزِيزُ ٱلۡحَكِيمُ
27,النمل,30,0.319,new_dp,493.55,499.11,5.56,8,74,30/93,32.3,إِنَّهُۥ مِن سُلَيۡمَٰنَ وَإِنَّهُۥ بِسۡمِ ٱللَّهِ ٱلرَّحۡمَٰنِ ٱلرَّحِيمِ
2,البقرة,282,0.321,new_dp_only,7252.16,7330.94,78.78,128,1188,282/286,98.6,يَٰٓأَيُّهَا ٱلَّذِينَ ءَامَنُوٓاْ إِذَا تَدَايَنتُم بِدَيۡنٍ إِلَىٰٓ أَجَلٖ مُّسَمّٗى فَٱكۡتُبُوهُۚ وَلۡيَكۡتُب بَّيۡنَكُمۡ كَاتِبُۢ بِٱلۡعَدۡلِۚ وَلَا يَأۡبَ كَاتِبٌ أَن يَكۡتُبَ كَمَا عَلَّمَهُ ٱللَّهُۚ فَلۡيَكۡتُبۡ وَلۡيُمۡلِلِ ٱلَّذِي عَلَيۡهِ ٱلۡحَقُّ وَلۡيَتَّقِ ٱللَّهَ رَبَّهُۥ وَلَا يَبۡخَسۡ مِنۡهُ شَيۡـٔٗاۚ فَإِن كَانَ ٱلَّذِي عَلَيۡهِ ٱلۡحَقُّ سَفِيهًا أَوۡ ضَعِيفًا أَوۡ لَا يَسۡتَطِيعُ أَن يُمِلَّ هُوَ فَلۡيُمۡلِلۡ وَلِيُّهُۥ بِٱلۡعَدۡلِۚ وَٱسۡتَشۡهِدُواْ شَهِيدَيۡنِ مِن رِّجَالِكُمۡۖ فَإِن لَّمۡ يَكُونَا رَجُلَيۡنِ فَرَجُلٞ وَٱمۡرَأَتَانِ مِمَّن تَرۡضَوۡنَ مِنَ ٱلشُّهَدَآءِ أَن تَضِلَّ إِحۡدَىٰهُمَا فَتُذَكِّرَ إِحۡدَىٰهُمَا ٱلۡأُخۡرَىٰۚ وَلَا يَأۡبَ ٱلشُّهَدَآءُ إِذَا مَا دُعُواْۚ وَلَا تَسۡـَٔمُوٓاْ أَن تَكۡتُبُوهُ صَغِيرًا أَوۡ كَبِيرًا إِلَىٰٓ أَجَلِهِۦۚ ذَٰلِكُمۡ أَقۡسَطُ عِندَ ٱللَّهِ وَأَقۡوَمُ لِلشَّهَٰدَةِ وَأَدۡنَىٰٓ أَلَّا تَرۡتَابُوٓاْ إِلَّآ أَن تَكُونَ تِجَٰرَةً حَاضِرَةٗ تُدِيرُونَهَا بَيۡنَكُمۡ فَلَيۡسَ عَلَيۡكُمۡ جُنَاحٌ أَلَّا تَكۡتُبُوهَاۗ وَأَشۡهِدُوٓاْ إِذَا تَبَايَعۡتُمۡۚ وَلَا يُضَآرَّ كَاتِبٞ وَلَا شَهِيدٞۚ وَإِن تَفۡعَلُواْ فَإِنَّهُۥ فُسُوقُۢ بِكُمۡۗ وَٱتَّقُواْ ٱللَّهَۖ وَيُعَلِّمُكُمُ ٱللَّهُۗ وَٱللَّهُ بِكُلِّ شَيۡءٍ عَلِيمٞ
2,البقرة,281,0.322,new_dp_only,7176.64,7251.38,74.74,15,118,281/286,98.3,وَٱتَّقُواْ يَوۡمٗا تُرۡجَعُونَ فِيهِ إِلَى ٱللَّهِۖ ثُمَّ تُوَفَّىٰ كُلُّ نَفۡسٖ مَّا كَسَبَتۡ وَهُمۡ لَا يُظۡلَمُونَ
74,المدثر,14,0.323,new_dp_only,62.18,66.48,4.3,3,28,14/56,25.0,وَمَهَّدتُّ لَهُۥ تَمۡهِيدٗا
5,المائدة,6,0.334,new_dp,282.44,350.38,67.94,61,596,6/120,5.0,يَٰٓأَيُّهَا ٱلَّذِينَ ءَامَنُوٓاْ إِذَا قُمۡتُمۡ إِلَى ٱلصَّلَوٰةِ فَٱغۡسِلُواْ وُجُوهَكُمۡ وَأَيۡدِيَكُمۡ إِلَى ٱلۡمَرَافِقِ وَٱمۡسَحُواْ بِرُءُوسِكُمۡ وَأَرۡجُلَكُمۡ إِلَى ٱلۡكَعۡبَيۡنِۚ وَإِن كُنتُمۡ جُنُبٗا فَٱطَّهَّرُواْۚ وَإِن كُنتُم مَّرۡضَىٰٓ أَوۡ عَلَىٰ سَفَرٍ أَوۡ جَآءَ أَحَدٞ مِّنكُم مِّنَ ٱلۡغَآئِطِ أَوۡ لَٰمَسۡتُمُ ٱلنِّسَآءَ فَلَمۡ تَجِدُواْ مَآءٗ فَتَيَمَّمُواْ صَعِيدٗا طَيِّبٗا فَٱمۡسَحُواْ بِوُجُوهِكُمۡ وَأَيۡدِيكُم مِّنۡهُۚ مَا يُرِيدُ ٱللَّهُ لِيَجۡعَلَ عَلَيۡكُم مِّنۡ حَرَجٖ وَلَٰكِن يُرِيدُ لِيُطَهِّرَكُمۡ وَلِيُتِمَّ نِعۡمَتَهُۥ عَلَيۡكُمۡ لَعَلَّكُمۡ تَشۡكُرُونَ
42,الشورى,4,0.348,new_dp,36.48,45.84,9.36,10,77,4/53,7.5,لَهُۥ مَا فِي ٱلسَّمَٰوَٰتِ وَمَا فِي ٱلۡأَرۡضِۖ وَهُوَ ٱلۡعَلِيُّ ٱلۡعَظِيمُ
74,المدثر,11,0.359,new_dp_only,50.73,55.31,4.58,4,32,11/56,19.6,ذَرۡنِي وَمَنۡ خَلَقۡتُ وَحِيدٗا
2,البقرة,229,0.366,new_dp_only,5402.69,5454.73,52.04,46,410,229/286,80.1,ٱلطَّلَٰقُ مَرَّتَانِۖ فَإِمۡسَاكُۢ بِمَعۡرُوفٍ أَوۡ تَسۡرِيحُۢ بِإِحۡسَٰنٖۗ وَلَا يَحِلُّ لَكُمۡ أَن تَأۡخُذُواْ مِمَّآ ءَاتَيۡتُمُوهُنَّ شَيۡـًٔا إِلَّآ أَن يَخَافَآ أَلَّا يُقِيمَا حُدُودَ ٱللَّهِۖ فَإِنۡ خِفۡتُمۡ أَلَّا يُقِيمَا حُدُودَ ٱللَّهِ فَلَا جُنَاحَ عَلَيۡهِمَا فِيمَا ٱفۡتَدَتۡ بِهِۦۗ تِلۡكَ حُدُودُ ٱللَّهِ فَلَا تَعۡتَدُوهَاۚ وَمَن يَتَعَدَّ حُدُودَ ٱللَّهِ فَأُوْلَٰٓئِكَ هُمُ ٱلظَّٰلِمُونَ
58,المجادلة,22,0.37,new_dp,533.74,548.05,14.31,51,475,22/22,100.0,لَّا تَجِدُ قَوۡمٗا يُؤۡمِنُونَ بِٱللَّهِ وَٱلۡيَوۡمِ ٱلۡأٓخِرِ يُوَآدُّونَ مَنۡ حَآدَّ ٱللَّهَ وَرَسُولَهُۥ وَلَوۡ كَانُوٓاْ ءَابَآءَهُمۡ أَوۡ أَبۡنَآءَهُمۡ أَوۡ إِخۡوَٰنَهُمۡ أَوۡ عَشِيرَتَهُمۡۚ أُوْلَٰٓئِكَ كَتَبَ فِي قُلُوبِهِمُ ٱلۡإِيمَٰنَ وَأَيَّدَهُم بِرُوحٖ مِّنۡهُۖ وَيُدۡخِلُهُمۡ جَنَّٰتٖ تَجۡرِي مِن تَحۡتِهَا ٱلۡأَنۡهَٰرُ خَٰلِدِينَ فِيهَاۚ رَضِيَ ٱللَّهُ عَنۡهُمۡ وَرَضُواْ عَنۡهُۚ أُوْلَٰٓئِكَ حِزۡبُ ٱللَّهِۚ أَلَآ إِنَّ حِزۡبَ ٱللَّهِ هُمُ ٱلۡمُفۡلِحُونَ
2,البقرة,196,0.371,old,4498.53,4570.570000000001,72.04,73,633,196/286,68.5,وَأَتِمُّواْ ٱلۡحَجَّ وَٱلۡعُمۡرَةَ لِلَّهِۚ فَإِنۡ أُحۡصِرۡتُمۡ فَمَا ٱسۡتَيۡسَرَ مِنَ ٱلۡهَدۡيِۖ وَلَا تَحۡلِقُواْ رُءُوسَكُمۡ حَتَّىٰ يَبۡلُغَ ٱلۡهَدۡيُ مَحِلَّهُۥۚ فَمَن كَانَ مِنكُم مَّرِيضًا أَوۡ بِهِۦٓ أَذٗى مِّن رَّأۡسِهِۦ فَفِدۡيَةٞ مِّن صِيَامٍ أَوۡ صَدَقَةٍ أَوۡ نُسُكٖۚ فَإِذَآ أَمِنتُمۡ فَمَن تَمَتَّعَ بِٱلۡعُمۡرَةِ إِلَى ٱلۡحَجِّ فَمَا ٱسۡتَيۡسَرَ مِنَ ٱلۡهَدۡيِۚ فَمَن لَّمۡ يَجِدۡ فَصِيَامُ ثَلَٰثَةِ أَيَّامٖ فِي ٱلۡحَجِّ وَسَبۡعَةٍ إِذَا رَجَعۡتُمۡۗ تِلۡكَ عَشَرَةٞ كَامِلَةٞۗ ذَٰلِكَ لِمَن لَّمۡ يَكُنۡ أَهۡلُهُۥ حَاضِرِي ٱلۡمَسۡجِدِ ٱلۡحَرَامِۚ وَٱتَّقُواْ ٱللَّهَ وَٱعۡلَمُوٓاْ أَنَّ ٱللَّهَ شَدِيدُ ٱلۡعِقَابِ
74,المدثر,12,0.375,new_dp_only,55.65,58.01,2.36,4,35,12/56,21.4,وَجَعَلۡتُ لَهُۥ مَالٗا مَّمۡدُودٗا
27,النمل,32,0.384,new_dp_only,514.0,528.36,14.36,12,104,32/93,34.4,قَالَتۡ يَٰٓأَيُّهَا ٱلۡمَلَؤُاْ أَفۡتُونِي فِيٓ أَمۡرِي مَا كُنتُ قَاطِعَةً أَمۡرًا حَتَّىٰ تَشۡهَدُونِ
24,النور,61,0.425,new_dp,1542.78,1614.95,72.17,76,670,61/64,95.3,لَّيۡسَ عَلَى ٱلۡأَعۡمَىٰ حَرَجٞ وَلَا عَلَى ٱلۡأَعۡرَجِ حَرَجٞ وَلَا عَلَى ٱلۡمَرِيضِ حَرَجٞ وَلَا عَلَىٰٓ أَنفُسِكُمۡ أَن تَأۡكُلُواْ مِنۢ بُيُوتِكُمۡ أَوۡ بُيُوتِ ءَابَآئِكُمۡ أَوۡ بُيُوتِ أُمَّهَٰتِكُمۡ أَوۡ بُيُوتِ إِخۡوَٰنِكُمۡ أَوۡ بُيُوتِ أَخَوَٰتِكُمۡ أَوۡ بُيُوتِ أَعۡمَٰمِكُمۡ أَوۡ بُيُوتِ عَمَّٰتِكُمۡ أَوۡ بُيُوتِ أَخۡوَٰلِكُمۡ أَوۡ بُيُوتِ خَٰلَٰتِكُمۡ أَوۡ مَا مَلَكۡتُم مَّفَاتِحَهُۥٓ أَوۡ صَدِيقِكُمۡۚ لَيۡسَ عَلَيۡكُمۡ جُنَاحٌ أَن تَأۡكُلُواْ جَمِيعًا أَوۡ أَشۡتَاتٗاۚ فَإِذَا دَخَلۡتُم بُيُوتٗا فَسَلِّمُواْ عَلَىٰٓ أَنفُسِكُمۡ تَحِيَّةٗ مِّنۡ عِندِ ٱللَّهِ مُبَٰرَكَةٗ طَيِّبَةٗۚ كَذَٰلِكَ يُبَيِّنُ ٱللَّهُ لَكُمُ ٱلۡأٓيَٰتِ لَعَلَّكُمۡ تَعۡقِلُونَ
6,الأنعام,144,0.443,new_dp,3176.61,3207.9,31.29,40,360,144/165,87.3,وَمِنَ ٱلۡإِبِلِ ٱثۡنَيۡنِ وَمِنَ ٱلۡبَقَرِ ٱثۡنَيۡنِۗ قُلۡ ءَآلذَّكَرَيۡنِ حَرَّمَ أَمِ ٱلۡأُنثَيَيۡنِ أَمَّا ٱشۡتَمَلَتۡ عَلَيۡهِ أَرۡحَامُ ٱلۡأُنثَيَيۡنِۖ أَمۡ كُنتُمۡ شُهَدَآءَ إِذۡ وَصَّىٰكُمُ ٱللَّهُ بِهَٰذَاۚ فَمَنۡ أَظۡلَمُ مِمَّنِ ٱفۡتَرَىٰ عَلَى ٱللَّهِ كَذِبٗا لِّيُضِلَّ ٱلنَّاسَ بِغَيۡرِ عِلۡمٍۚ إِنَّ ٱللَّهَ لَا يَهۡدِي ٱلۡقَوۡمَ ٱلظَّٰلِمِينَ
27,النمل,33,0.444,new_dp_only,529.41,542.25,12.84,12,110,33/93,35.5,قَالُواْ نَحۡنُ أُوْلُواْ قُوَّةٖ وَأُوْلُواْ بَأۡسٖ شَدِيدٖ وَٱلۡأَمۡرُ إِلَيۡكِ فَٱنظُرِي مَاذَا تَأۡمُرِينَ
60,الممتحنة,10,0.466,old,300.68,378.29,77.61,55,551,10/13,76.9,يَٰٓأَيُّهَا ٱلَّذِينَ ءَامَنُوٓاْ إِذَا جَآءَكُمُ ٱلۡمُؤۡمِنَٰتُ مُهَٰجِرَٰتٖ فَٱمۡتَحِنُوهُنَّۖ ٱللَّهُ أَعۡلَمُ بِإِيمَٰنِهِنَّۖ فَإِنۡ عَلِمۡتُمُوهُنَّ مُؤۡمِنَٰتٖ فَلَا تَرۡجِعُوهُنَّ إِلَى ٱلۡكُفَّارِۖ لَا هُنَّ حِلّٞ لَّهُمۡ وَلَا هُمۡ يَحِلُّونَ لَهُنَّۖ وَءَاتُوهُم مَّآ أَنفَقُواْۚ وَلَا جُنَاحَ عَلَيۡكُمۡ أَن تَنكِحُوهُنَّ إِذَآ ءَاتَيۡتُمُوهُنَّ أُجُورَهُنَّۚ وَلَا تُمۡسِكُواْ بِعِصَمِ ٱلۡكَوَافِرِ وَسۡـَٔلُواْ مَآ أَنفَقۡتُمۡ وَلۡيَسۡـَٔلُواْ مَآ أَنفَقُواْۚ ذَٰلِكُمۡ حُكۡمُ ٱللَّهِ يَحۡكُمُ بَيۡنَكُمۡۖ وَٱللَّهُ عَلِيمٌ حَكِيمٞ
2,البقرة,233,0.482,new_dp_only,5630.12,5671.28,41.16,65,615,233/286,81.5,۞ وَٱلۡوَٰلِدَٰتُ يُرۡضِعۡنَ أَوۡلَٰدَهُنَّ حَوۡلَيۡنِ كَامِلَيۡنِۖ لِمَنۡ أَرَادَ أَن يُتِمَّ ٱلرَّضَاعَةَۚ وَعَلَى ٱلۡمَوۡلُودِ لَهُۥ رِزۡقُهُنَّ وَكِسۡوَتُهُنَّ بِٱلۡمَعۡرُوفِۚ لَا تُكَلَّفُ نَفۡسٌ إِلَّا وُسۡعَهَاۚ لَا تُضَآرَّ وَٰلِدَةُۢ بِوَلَدِهَا وَلَا مَوۡلُودٞ لَّهُۥ بِوَلَدِهِۦۚ وَعَلَى ٱلۡوَارِثِ مِثۡلُ ذَٰلِكَۗ فَإِنۡ أَرَادَا فِصَالًا عَن تَرَاضٖ مِّنۡهُمَا وَتَشَاوُرٖ فَلَا جُنَاحَ عَلَيۡهِمَاۗ وَإِنۡ أَرَدتُّمۡ أَن تَسۡتَرۡضِعُوٓاْ أَوۡلَٰدَكُمۡ فَلَا جُنَاحَ عَلَيۡكُمۡ إِذَا سَلَّمۡتُم مَّآ ءَاتَيۡتُم بِٱلۡمَعۡرُوفِۗ وَٱتَّقُواْ ٱللَّهَ وَٱعۡلَمُوٓاْ أَنَّ ٱللَّهَ بِمَا تَعۡمَلُونَ بَصِيرٞ
47,محمد,4,0.485,new_dp,102.36,120.72,18.36,38,359,4/38,10.5,فَإِذَا لَقِيتُمُ ٱلَّذِينَ كَفَرُواْ فَضَرۡبَ ٱلرِّقَابِ حَتَّىٰٓ إِذَآ أَثۡخَنتُمُوهُمۡ فَشُدُّواْ ٱلۡوَثَاقَ فَإِمَّا مَنَّۢا بَعۡدُ وَإِمَّا فِدَآءً حَتَّىٰ تَضَعَ ٱلۡحَرۡبُ أَوۡزَارَهَاۚ ذَٰلِكَۖ وَلَوۡ يَشَآءُ ٱللَّهُ لَٱنتَصَرَ مِنۡهُمۡ وَلَٰكِن لِّيَبۡلُوَاْ بَعۡضَكُم بِبَعۡضٖۗ وَٱلَّذِينَ قُتِلُواْ فِي سَبِيلِ ٱللَّهِ فَلَن يُضِلَّ أَعۡمَٰلَهُمۡ
4,النساء,176,0.494,new_dp,4413.88,4429.42,15.54,50,420,176/176,100.0,يَسۡتَفۡتُونَكَ قُلِ ٱللَّهُ يُفۡتِيكُمۡ فِي ٱلۡكَلَٰلَةِۚ إِنِ ٱمۡرُؤٌاْ هَلَكَ لَيۡسَ لَهُۥ وَلَدٞ وَلَهُۥٓ أُخۡتٞ فَلَهَا نِصۡفُ مَا تَرَكَۚ وَهُوَ يَرِثُهَآ إِن لَّمۡ يَكُن لَّهَا وَلَدٞۚ فَإِن كَانَتَا ٱثۡنَتَيۡنِ فَلَهُمَا ٱلثُّلُثَانِ مِمَّا تَرَكَۚ وَإِن كَانُوٓاْ إِخۡوَةٗ رِّجَالٗا وَنِسَآءٗ فَلِلذَّكَرِ مِثۡلُ حَظِّ ٱلۡأُنثَيَيۡنِۗ يُبَيِّنُ ٱللَّهُ لَكُمۡ أَن تَضِلُّواْۗ وَٱللَّهُ بِكُلِّ شَيۡءٍ عَلِيمُۢ
2,البقرة,235,0.497,new_dp_only,5746.06,5764.31,18.25,47,427,235/286,82.2,وَلَا جُنَاحَ عَلَيۡكُمۡ فِيمَا عَرَّضۡتُم بِهِۦ مِنۡ خِطۡبَةِ ٱلنِّسَآءِ أَوۡ أَكۡنَنتُمۡ فِيٓ أَنفُسِكُمۡۚ عَلِمَ ٱللَّهُ أَنَّكُمۡ سَتَذۡكُرُونَهُنَّ وَلَٰكِن لَّا تُوَاعِدُوهُنَّ سِرًّا إِلَّآ أَن تَقُولُواْ قَوۡلٗا مَّعۡرُوفٗاۚ وَلَا تَعۡزِمُواْ عُقۡدَةَ ٱلنِّكَاحِ حَتَّىٰ يَبۡلُغَ ٱلۡكِتَٰبُ أَجَلَهُۥۚ وَٱعۡلَمُوٓاْ أَنَّ ٱللَّهَ يَعۡلَمُ مَا فِيٓ أَنفُسِكُمۡ فَٱحۡذَرُوهُۚ وَٱعۡلَمُوٓاْ أَنَّ ٱللَّهَ غَفُورٌ حَلِيمٞ
5,المائدة,110,0.497,new_dp,3270.26,3302.47,32.21,63,588,110/120,91.7,إِذۡ قَالَ ٱللَّهُ يَٰعِيسَى ٱبۡنَ مَرۡيَمَ ٱذۡكُرۡ نِعۡمَتِي عَلَيۡكَ وَعَلَىٰ وَٰلِدَتِكَ إِذۡ أَيَّدتُّكَ بِرُوحِ ٱلۡقُدُسِ تُكَلِّمُ ٱلنَّاسَ فِي ٱلۡمَهۡدِ وَكَهۡلٗاۖ وَإِذۡ عَلَّمۡتُكَ ٱلۡكِتَٰبَ وَٱلۡحِكۡمَةَ وَٱلتَّوۡرَىٰةَ وَٱلۡإِنجِيلَۖ وَإِذۡ تَخۡلُقُ مِنَ ٱلطِّينِ كَهَيۡـَٔةِ ٱلطَّيۡرِ بِإِذۡنِي فَتَنفُخُ فِيهَا فَتَكُونُ طَيۡرَۢا بِإِذۡنِيۖ وَتُبۡرِئُ ٱلۡأَكۡمَهَ وَٱلۡأَبۡرَصَ بِإِذۡنِيۖ وَإِذۡ تُخۡرِجُ ٱلۡمَوۡتَىٰ بِإِذۡنِيۖ وَإِذۡ كَفَفۡتُ بَنِيٓ إِسۡرَٰٓءِيلَ عَنكَ إِذۡ جِئۡتَهُم بِٱلۡبَيِّنَٰتِ فَقَالَ ٱلَّذِينَ كَفَرُواْ مِنۡهُمۡ إِنۡ هَٰذَآ إِلَّا سِحۡرٞ مُّبِينٞ
24,النور,60,0.511,old,1453.8799999999999,1468.48,14.6,23,216,60/64,93.8,وَٱلۡقَوَٰعِدُ مِنَ ٱلنِّسَآءِ ٱلَّٰتِي لَا يَرۡجُونَ نِكَاحٗا فَلَيۡسَ عَلَيۡهِنَّ جُنَاحٌ أَن يَضَعۡنَ ثِيَابَهُنَّ غَيۡرَ مُتَبَرِّجَٰتِۭ بِزِينَةٖۖ وَأَن يَسۡتَعۡفِفۡنَ خَيۡرٞ لَّهُنَّۗ وَٱللَّهُ سَمِيعٌ عَلِيمٞ
5,المائدة,106,0.513,old,3083.02,3149.38,66.36,51,449,106/120,88.3,يَٰٓأَيُّهَا ٱلَّذِينَ ءَامَنُواْ شَهَٰدَةُ بَيۡنِكُمۡ إِذَا حَضَرَ أَحَدَكُمُ ٱلۡمَوۡتُ حِينَ ٱلۡوَصِيَّةِ ٱثۡنَانِ ذَوَا عَدۡلٖ مِّنكُمۡ أَوۡ ءَاخَرَانِ مِنۡ غَيۡرِكُمۡ إِنۡ أَنتُمۡ ضَرَبۡتُمۡ فِي ٱلۡأَرۡضِ فَأَصَٰبَتۡكُم مُّصِيبَةُ ٱلۡمَوۡتِۚ تَحۡبِسُونَهُمَا مِنۢ بَعۡدِ ٱلصَّلَوٰةِ فَيُقۡسِمَانِ بِٱللَّهِ إِنِ ٱرۡتَبۡتُمۡ لَا نَشۡتَرِي بِهِۦ ثَمَنٗا وَلَوۡ كَانَ ذَا قُرۡبَىٰ وَلَا نَكۡتُمُ شَهَٰدَةَ ٱللَّهِ إِنَّآ إِذٗا لَّمِنَ ٱلۡأٓثِمِينَ
59,الحشر,2,0.515,old,18.43,68.14,49.71,40,385,2/24,8.3,هُوَ ٱلَّذِيٓ أَخۡرَجَ ٱلَّذِينَ كَفَرُواْ مِنۡ أَهۡلِ ٱلۡكِتَٰبِ مِن دِيَٰرِهِمۡ لِأَوَّلِ ٱلۡحَشۡرِۚ مَا ظَنَنتُمۡ أَن يَخۡرُجُواْۖ وَظَنُّوٓاْ أَنَّهُم مَّانِعَتُهُمۡ حُصُونُهُم مِّنَ ٱللَّهِ فَأَتَىٰهُمُ ٱللَّهُ مِنۡ حَيۡثُ لَمۡ يَحۡتَسِبُواْۖ وَقَذَفَ فِي قُلُوبِهِمُ ٱلرُّعۡبَۚ يُخۡرِبُونَ بُيُوتَهُم بِأَيۡدِيهِمۡ وَأَيۡدِي ٱلۡمُؤۡمِنِينَ فَٱعۡتَبِرُواْ يَٰٓأُوْلِي ٱلۡأَبۡصَٰرِ
2,البقرة,265,0.525,new_dp_only,6742.39,6794.97,52.58,27,259,265/286,92.7,وَمَثَلُ ٱلَّذِينَ يُنفِقُونَ أَمۡوَٰلَهُمُ ٱبۡتِغَآءَ مَرۡضَاتِ ٱللَّهِ وَتَثۡبِيتٗا مِّنۡ أَنفُسِهِمۡ كَمَثَلِ جَنَّةِۭ بِرَبۡوَةٍ أَصَابَهَا وَابِلٞ فَـَٔاتَتۡ أُكُلَهَا ضِعۡفَيۡنِ فَإِن لَّمۡ يُصِبۡهَا وَابِلٞ فَطَلّٞۗ وَٱللَّهُ بِمَا تَعۡمَلُونَ بَصِيرٌ
6,الأنعام,151,0.525,new_dp,3392.42,3426.66,34.24,43,394,151/165,91.5,۞ قُلۡ تَعَالَوۡاْ أَتۡلُ مَا حَرَّمَ رَبُّكُمۡ عَلَيۡكُمۡۖ أَلَّا تُشۡرِكُواْ بِهِۦ شَيۡـٔٗاۖ وَبِٱلۡوَٰلِدَيۡنِ إِحۡسَٰنٗاۖ وَلَا تَقۡتُلُوٓاْ أَوۡلَٰدَكُم مِّنۡ إِمۡلَٰقٖ نَّحۡنُ نَرۡزُقُكُمۡ وَإِيَّاهُمۡۖ وَلَا تَقۡرَبُواْ ٱلۡفَوَٰحِشَ مَا ظَهَرَ مِنۡهَا وَمَا بَطَنَۖ وَلَا تَقۡتُلُواْ ٱلنَّفۡسَ ٱلَّتِي حَرَّمَ ٱللَّهُ إِلَّا بِٱلۡحَقِّۚ ذَٰلِكُمۡ وَصَّىٰكُم بِهِۦ لَعَلَّكُمۡ تَعۡقِلُونَ
2,البقرة,286,0.537,new_dp_only,7461.41,7482.38,20.97,49,410,286/286,100.0,لَا يُكَلِّفُ ٱللَّهُ نَفۡسًا إِلَّا وُسۡعَهَاۚ لَهَا مَا كَسَبَتۡ وَعَلَيۡهَا مَا ٱكۡتَسَبَتۡۗ رَبَّنَا لَا تُؤَاخِذۡنَآ إِن نَّسِينَآ أَوۡ أَخۡطَأۡنَاۚ رَبَّنَا وَلَا تَحۡمِلۡ عَلَيۡنَآ إِصۡرٗا كَمَا حَمَلۡتَهُۥ عَلَى ٱلَّذِينَ مِن قَبۡلِنَاۚ رَبَّنَا وَلَا تُحَمِّلۡنَا مَا لَا طَاقَةَ لَنَا بِهِۦۖ وَٱعۡفُ عَنَّا وَٱغۡفِرۡ لَنَا وَٱرۡحَمۡنَآۚ أَنتَ مَوۡلَىٰنَا فَٱنصُرۡنَا عَلَى ٱلۡقَوۡمِ ٱلۡكَٰفِرِينَ
22,الحج,78,0.542,new_dp,1565.6,1584.2,18.6,44,414,78/78,100.0,وَجَٰهِدُواْ فِي ٱللَّهِ حَقَّ جِهَادِهِۦۚ هُوَ ٱجۡتَبَىٰكُمۡ وَمَا جَعَلَ عَلَيۡكُمۡ فِي ٱلدِّينِ مِنۡ حَرَجٖۚ مِّلَّةَ أَبِيكُمۡ إِبۡرَٰهِيمَۚ هُوَ سَمَّىٰكُمُ ٱلۡمُسۡلِمِينَ مِن قَبۡلُ وَفِي هَٰذَا لِيَكُونَ ٱلرَّسُولُ شَهِيدًا عَلَيۡكُمۡ وَتَكُونُواْ شُهَدَآءَ عَلَى ٱلنَّاسِۚ فَأَقِيمُواْ ٱلصَّلَوٰةَ وَءَاتُواْ ٱلزَّكَوٰةَ وَٱعۡتَصِمُواْ بِٱللَّهِ هُوَ مَوۡلَىٰكُمۡۖ فَنِعۡمَ ٱلۡمَوۡلَىٰ وَنِعۡمَ ٱلنَّصِيرُ
4,النساء,171,0.548,old,4270.8099999999995,4327.070000000001,56.26,53,460,171/176,97.2,يَٰٓأَهۡلَ ٱلۡكِتَٰبِ لَا تَغۡلُواْ فِي دِينِكُمۡ وَلَا تَقُولُواْ عَلَى ٱللَّهِ إِلَّا ٱلۡحَقَّۚ إِنَّمَا ٱلۡمَسِيحُ عِيسَى ٱبۡنُ مَرۡيَمَ رَسُولُ ٱللَّهِ وَكَلِمَتُهُۥٓ أَلۡقَىٰهَآ إِلَىٰ مَرۡيَمَ وَرُوحٞ مِّنۡهُۖ فَـَٔامِنُواْ بِٱللَّهِ وَرُسُلِهِۦۖ وَلَا تَقُولُواْ ثَلَٰثَةٌۚ ٱنتَهُواْ خَيۡرٗا لَّكُمۡۚ إِنَّمَا ٱللَّهُ إِلَٰهٞ وَٰحِدٞۖ سُبۡحَٰنَهُۥٓ أَن يَكُونَ لَهُۥ وَلَدٞۘ لَّهُۥ مَا فِي ٱلسَّمَٰوَٰتِ وَمَا فِي ٱلۡأَرۡضِۗ وَكَفَىٰ بِٱللَّهِ وَكِيلٗا
2,البقرة,266,0.55,new_dp_only,6795.83,6836.44,40.61,35,319,266/286,93.0,أَيَوَدُّ أَحَدُكُمۡ أَن تَكُونَ لَهُۥ جَنَّةٞ مِّن نَّخِيلٖ وَأَعۡنَابٖ تَجۡرِي مِن تَحۡتِهَا ٱلۡأَنۡهَٰرُ لَهُۥ فِيهَا مِن كُلِّ ٱلثَّمَرَٰتِ وَأَصَابَهُ ٱلۡكِبَرُ وَلَهُۥ ذُرِّيَّةٞ ضُعَفَآءُ فَأَصَابَهَآ إِعۡصَارٞ فِيهِ نَارٞ فَٱحۡتَرَقَتۡۗ كَذَٰلِكَ يُبَيِّنُ ٱللَّهُ لَكُمُ ٱلۡأٓيَٰتِ لَعَلَّكُمۡ تَتَفَكَّرُونَ
5,المائدة,5,0.55,new_dp,211.75,281.62,69.87,43,420,5/120,4.2,ٱلۡيَوۡمَ أُحِلَّ لَكُمُ ٱلطَّيِّبَٰتُۖ وَطَعَامُ ٱلَّذِينَ أُوتُواْ ٱلۡكِتَٰبَ حِلّٞ لَّكُمۡ وَطَعَامُكُمۡ حِلّٞ لَّهُمۡۖ وَٱلۡمُحۡصَنَٰتُ مِنَ ٱلۡمُؤۡمِنَٰتِ وَٱلۡمُحۡصَنَٰتُ مِنَ ٱلَّذِينَ أُوتُواْ ٱلۡكِتَٰبَ مِن قَبۡلِكُمۡ إِذَآ ءَاتَيۡتُمُوهُنَّ أُجُورَهُنَّ مُحۡصِنِينَ غَيۡرَ مُسَٰفِحِينَ وَلَا مُتَّخِذِيٓ أَخۡدَانٖۗ وَمَن يَكۡفُرۡ بِٱلۡإِيمَٰنِ فَقَدۡ حَبِطَ عَمَلُهُۥ وَهُوَ فِي ٱلۡأٓخِرَةِ مِنَ ٱلۡخَٰسِرِينَ
48,الفتح,29,0.55,new_dp,645.79,671.05,25.26,54,535,29/29,100.0,مُّحَمَّدٞ رَّسُولُ ٱللَّهِۚ وَٱلَّذِينَ مَعَهُۥٓ أَشِدَّآءُ عَلَى ٱلۡكُفَّارِ رُحَمَآءُ بَيۡنَهُمۡۖ تَرَىٰهُمۡ رُكَّعٗا سُجَّدٗا يَبۡتَغُونَ فَضۡلٗا مِّنَ ٱللَّهِ وَرِضۡوَٰنٗاۖ سِيمَاهُمۡ فِي وُجُوهِهِم مِّنۡ أَثَرِ ٱلسُّجُودِۚ ذَٰلِكَ مَثَلُهُمۡ فِي ٱلتَّوۡرَىٰةِۚ وَمَثَلُهُمۡ فِي ٱلۡإِنجِيلِ كَزَرۡعٍ أَخۡرَجَ شَطۡـَٔهُۥ فَـَٔازَرَهُۥ فَٱسۡتَغۡلَظَ فَٱسۡتَوَىٰ عَلَىٰ سُوقِهِۦ يُعۡجِبُ ٱلزُّرَّاعَ لِيَغِيظَ بِهِمُ ٱلۡكُفَّارَۗ وَعَدَ ٱللَّهُ ٱلَّذِينَ ءَامَنُواْ وَعَمِلُواْ ٱلصَّٰلِحَٰتِ مِنۡهُم مَّغۡفِرَةٗ وَأَجۡرًا عَظِيمَۢا
2,البقرة,248,0.556,new_dp_only,6060.31,6142.76,82.45,30,257,248/286,86.7,وَقَالَ لَهُمۡ نَبِيُّهُمۡ إِنَّ ءَايَةَ مُلۡكِهِۦٓ أَن يَأۡتِيَكُمُ ٱلتَّابُوتُ فِيهِ سَكِينَةٞ مِّن رَّبِّكُمۡ وَبَقِيَّةٞ مِّمَّا تَرَكَ ءَالُ مُوسَىٰ وَءَالُ هَٰرُونَ تَحۡمِلُهُ ٱلۡمَلَٰٓئِكَةُۚ إِنَّ فِي ذَٰلِكَ لَأٓيَةٗ لَّكُمۡ إِن كُنتُم مُّؤۡمِنِينَ
5,المائدة,47,0.556,new_dp,1509.13,1562.72,53.59,16,138,47/120,39.2,وَلۡيَحۡكُمۡ أَهۡلُ ٱلۡإِنجِيلِ بِمَآ أَنزَلَ ٱللَّهُ فِيهِۚ وَمَن لَّمۡ يَحۡكُم بِمَآ أَنزَلَ ٱللَّهُ فَأُوْلَٰٓئِكَ هُمُ ٱلۡفَٰسِقُونَ
2,البقرة,274,0.559,new_dp_only,7016.09,7062.68,46.59,17,161,274/286,95.8,ٱلَّذِينَ يُنفِقُونَ أَمۡوَٰلَهُم بِٱلَّيۡلِ وَٱلنَّهَارِ سِرّٗا وَعَلَانِيَةٗ فَلَهُمۡ أَجۡرُهُمۡ عِندَ رَبِّهِمۡ وَلَا خَوۡفٌ عَلَيۡهِمۡ وَلَا هُمۡ يَحۡزَنُونَ
2,البقرة,250,0.56,new_dp_only,6200.44,6228.24,27.8,15,153,250/286,87.4,وَلَمَّا بَرَزُواْ لِجَالُوتَ وَجُنُودِهِۦ قَالُواْ رَبَّنَآ أَفۡرِغۡ عَلَيۡنَا صَبۡرٗا وَثَبِّتۡ أَقۡدَامَنَا وَٱنصُرۡنَا عَلَى ٱلۡقَوۡمِ ٱلۡكَٰفِرِينَ
24,النور,33,0.565,new_dp,729.37,782.16,52.79,48,461,33/64,51.6,وَلۡيَسۡتَعۡفِفِ ٱلَّذِينَ لَا يَجِدُونَ نِكَاحًا حَتَّىٰ يُغۡنِيَهُمُ ٱللَّهُ مِن فَضۡلِهِۦۗ وَٱلَّذِينَ يَبۡتَغُونَ ٱلۡكِتَٰبَ مِمَّا مَلَكَتۡ أَيۡمَٰنُكُمۡ فَكَاتِبُوهُمۡ إِنۡ عَلِمۡتُمۡ فِيهِمۡ خَيۡرٗاۖ وَءَاتُوهُم مِّن مَّالِ ٱللَّهِ ٱلَّذِيٓ ءَاتَىٰكُمۡۚ وَلَا تُكۡرِهُواْ فَتَيَٰتِكُمۡ عَلَى ٱلۡبِغَآءِ إِنۡ أَرَدۡنَ تَحَصُّنٗا لِّتَبۡتَغُواْ عَرَضَ ٱلۡحَيَوٰةِ ٱلدُّنۡيَاۚ وَمَن يُكۡرِههُّنَّ فَإِنَّ ٱللَّهَ مِنۢ بَعۡدِ إِكۡرَٰهِهِنَّ غَفُورٞ رَّحِيمٞ
2,البقرة,275,0.57,new_dp_only,7063.55,7089.24,25.69,45,410,275/286,96.2,ٱلَّذِينَ يَأۡكُلُونَ ٱلرِّبَوٰاْ لَا يَقُومُونَ إِلَّا كَمَا يَقُومُ ٱلَّذِي يَتَخَبَّطُهُ ٱلشَّيۡطَٰنُ مِنَ ٱلۡمَسِّۚ ذَٰلِكَ بِأَنَّهُمۡ قَالُوٓاْ إِنَّمَا ٱلۡبَيۡعُ مِثۡلُ ٱلرِّبَوٰاْۗ وَأَحَلَّ ٱللَّهُ ٱلۡبَيۡعَ وَحَرَّمَ ٱلرِّبَوٰاْۚ فَمَن جَآءَهُۥ مَوۡعِظَةٞ مِّن رَّبِّهِۦ فَٱنتَهَىٰ فَلَهُۥ مَا سَلَفَ وَأَمۡرُهُۥٓ إِلَى ٱللَّهِۖ وَمَنۡ عَادَ فَأُوْلَٰٓئِكَ أَصۡحَٰبُ ٱلنَّارِۖ هُمۡ فِيهَا خَٰلِدُونَ
4,النساء,11,0.571,old,272.53999999999996,361.04,88.5,71,602,11/176,6.2,يُوصِيكُمُ ٱللَّهُ فِيٓ أَوۡلَٰدِكُمۡۖ لِلذَّكَرِ مِثۡلُ حَظِّ ٱلۡأُنثَيَيۡنِۚ فَإِن كُنَّ نِسَآءٗ فَوۡقَ ٱثۡنَتَيۡنِ فَلَهُنَّ ثُلُثَا مَا تَرَكَۖ وَإِن كَانَتۡ وَٰحِدَةٗ فَلَهَا ٱلنِّصۡفُۚ وَلِأَبَوَيۡهِ لِكُلِّ وَٰحِدٖ مِّنۡهُمَا ٱلسُّدُسُ مِمَّا تَرَكَ إِن كَانَ لَهُۥ وَلَدٞۚ فَإِن لَّمۡ يَكُن لَّهُۥ وَلَدٞ وَوَرِثَهُۥٓ أَبَوَاهُ فَلِأُمِّهِ ٱلثُّلُثُۚ فَإِن كَانَ لَهُۥٓ إِخۡوَةٞ فَلِأُمِّهِ ٱلسُّدُسُۚ مِنۢ بَعۡدِ وَصِيَّةٖ يُوصِي بِهَآ أَوۡ دَيۡنٍۗ ءَابَآؤُكُمۡ وَأَبۡنَآؤُكُمۡ لَا تَدۡرُونَ أَيُّهُمۡ أَقۡرَبُ لَكُمۡ نَفۡعٗاۚ فَرِيضَةٗ مِّنَ ٱللَّهِۗ إِنَّ ٱللَّهَ كَانَ عَلِيمًا حَكِيمٗا
5,المائدة,2,0.576,old,34.86,96.2,61.34,52,503,2/120,1.7,يَٰٓأَيُّهَا ٱلَّذِينَ ءَامَنُواْ لَا تُحِلُّواْ شَعَٰٓئِرَ ٱللَّهِ وَلَا ٱلشَّهۡرَ ٱلۡحَرَامَ وَلَا ٱلۡهَدۡيَ وَلَا ٱلۡقَلَٰٓئِدَ وَلَآ ءَآمِّينَ ٱلۡبَيۡتَ ٱلۡحَرَامَ يَبۡتَغُونَ فَضۡلٗا مِّن رَّبِّهِمۡ وَرِضۡوَٰنٗاۚ وَإِذَا حَلَلۡتُمۡ فَٱصۡطَادُواْۚ وَلَا يَجۡرِمَنَّكُمۡ شَنَـَٔانُ قَوۡمٍ أَن صَدُّوكُمۡ عَنِ ٱلۡمَسۡجِدِ ٱلۡحَرَامِ أَن تَعۡتَدُواْۘ وَتَعَاوَنُواْ عَلَى ٱلۡبِرِّ وَٱلتَّقۡوَىٰۖ وَلَا تَعَاوَنُواْ عَلَى ٱلۡإِثۡمِ وَٱلۡعُدۡوَٰنِۚ وَٱتَّقُواْ ٱللَّهَۖ إِنَّ ٱللَّهَ شَدِيدُ ٱلۡعِقَابِ
47,محمد,15,0.577,new_dp,290.84,310.88,20.04,44,386,15/38,39.5,مَّثَلُ ٱلۡجَنَّةِ ٱلَّتِي وُعِدَ ٱلۡمُتَّقُونَۖ فِيهَآ أَنۡهَٰرٞ مِّن مَّآءٍ غَيۡرِ ءَاسِنٖ وَأَنۡهَٰرٞ مِّن لَّبَنٖ لَّمۡ يَتَغَيَّرۡ طَعۡمُهُۥ وَأَنۡهَٰرٞ مِّنۡ خَمۡرٖ لَّذَّةٖ لِّلشَّٰرِبِينَ وَأَنۡهَٰرٞ مِّنۡ عَسَلٖ مُّصَفّٗىۖ وَلَهُمۡ فِيهَا مِن كُلِّ ٱلثَّمَرَٰتِ وَمَغۡفِرَةٞ مِّن رَّبِّهِمۡۖ كَمَنۡ هُوَ خَٰلِدٞ فِي ٱلنَّارِ وَسُقُواْ مَآءً حَمِيمٗا فَقَطَّعَ أَمۡعَآءَهُمۡ
3,آل عمران,7,0.58,old,85.85000000000001,141.36,55.51,46,426,7/200,3.5,هُوَ ٱلَّذِيٓ أَنزَلَ عَلَيۡكَ ٱلۡكِتَٰبَ مِنۡهُ ءَايَٰتٞ مُّحۡكَمَٰتٌ هُنَّ أُمُّ ٱلۡكِتَٰبِ وَأُخَرُ مُتَشَٰبِهَٰتٞۖ فَأَمَّا ٱلَّذِينَ فِي قُلُوبِهِمۡ زَيۡغٞ فَيَتَّبِعُونَ مَا تَشَٰبَهَ مِنۡهُ ٱبۡتِغَآءَ ٱلۡفِتۡنَةِ وَٱبۡتِغَآءَ تَأۡوِيلِهِۦۖ وَمَا يَعۡلَمُ تَأۡوِيلَهُۥٓ إِلَّا ٱللَّهُۗ وَٱلرَّٰسِخُونَ فِي ٱلۡعِلۡمِ يَقُولُونَ ءَامَنَّا بِهِۦ كُلّٞ مِّنۡ عِندِ رَبِّنَاۗ وَمَا يَذَّكَّرُ إِلَّآ أُوْلُواْ ٱلۡأَلۡبَٰبِ
2,البقرة,254,0.589,new_dp_only,6325.08,6353.86,28.78,21,181,254/286,88.8,يَٰٓأَيُّهَا ٱلَّذِينَ ءَامَنُوٓاْ أَنفِقُواْ مِمَّا رَزَقۡنَٰكُم مِّن قَبۡلِ أَن يَأۡتِيَ يَوۡمٞ لَّا بَيۡعٞ فِيهِ وَلَا خُلَّةٞ وَلَا شَفَٰعَةٞۗ وَٱلۡكَٰفِرُونَ هُمُ ٱلظَّٰلِمُونَ
61,الصف,14,0.589,new_dp,235.12,253.38,18.26,35,344,14/14,100.0,يَٰٓأَيُّهَا ٱلَّذِينَ ءَامَنُواْ كُونُوٓاْ أَنصَارَ ٱللَّهِ كَمَا قَالَ عِيسَى ٱبۡنُ مَرۡيَمَ لِلۡحَوَارِيِّـۧنَ مَنۡ أَنصَارِيٓ إِلَى ٱللَّهِۖ قَالَ ٱلۡحَوَارِيُّونَ نَحۡنُ أَنصَارُ ٱللَّهِۖ فَـَٔامَنَت طَّآئِفَةٞ مِّنۢ بَنِيٓ إِسۡرَٰٓءِيلَ وَكَفَرَت طَّآئِفَةٞۖ فَأَيَّدۡنَا ٱلَّذِينَ ءَامَنُواْ عَلَىٰ عَدُوِّهِمۡ فَأَصۡبَحُواْ ظَٰهِرِينَ
4,النساء,23,0.59,old,705.84,788.31,82.47,54,547,23/176,13.1,حُرِّمَتۡ عَلَيۡكُمۡ أُمَّهَٰتُكُمۡ وَبَنَاتُكُمۡ وَأَخَوَٰتُكُمۡ وَعَمَّٰتُكُمۡ وَخَٰلَٰتُكُمۡ وَبَنَاتُ ٱلۡأَخِ وَبَنَاتُ ٱلۡأُخۡتِ وَأُمَّهَٰتُكُمُ ٱلَّٰتِيٓ أَرۡضَعۡنَكُمۡ وَأَخَوَٰتُكُم مِّنَ ٱلرَّضَٰعَةِ وَأُمَّهَٰتُ نِسَآئِكُمۡ وَرَبَٰٓئِبُكُمُ ٱلَّٰتِي فِي حُجُورِكُم مِّن نِّسَآئِكُمُ ٱلَّٰتِي دَخَلۡتُم بِهِنَّ فَإِن لَّمۡ تَكُونُواْ دَخَلۡتُم بِهِنَّ فَلَا جُنَاحَ عَلَيۡكُمۡ وَحَلَٰٓئِلُ أَبۡنَآئِكُمُ ٱلَّذِينَ مِنۡ أَصۡلَٰبِكُمۡ وَأَن تَجۡمَعُواْ بَيۡنَ ٱلۡأُخۡتَيۡنِ إِلَّا مَا قَدۡ سَلَفَۗ إِنَّ ٱللَّهَ كَانَ غَفُورٗا رَّحِيمٗا
35,فاطر,40,0.592,new_dp_only,804.45,822.15,17.7,33,274,40/45,88.9,قُلۡ أَرَءَيۡتُمۡ شُرَكَآءَكُمُ ٱلَّذِينَ تَدۡعُونَ مِن دُونِ ٱللَّهِ أَرُونِي مَاذَا خَلَقُواْ مِنَ ٱلۡأَرۡضِ أَمۡ لَهُمۡ شِرۡكٞ فِي ٱلسَّمَٰوَٰتِ أَمۡ ءَاتَيۡنَٰهُمۡ كِتَٰبٗا فَهُمۡ عَلَىٰ بَيِّنَتٖ مِّنۡهُۚ بَلۡ إِن يَعِدُ ٱلظَّٰلِمُونَ بَعۡضُهُم بَعۡضًا إِلَّا غُرُورًا
14,إبراهيم,9,0.596,old,179.04,194.83,15.79,37,340,9/52,17.3,أَلَمۡ يَأۡتِكُمۡ نَبَؤُاْ ٱلَّذِينَ مِن قَبۡلِكُمۡ قَوۡمِ نُوحٖ وَعَادٖ وَثَمُودَ وَٱلَّذِينَ مِنۢ بَعۡدِهِمۡ لَا يَعۡلَمُهُمۡ إِلَّا ٱللَّهُۚ جَآءَتۡهُمۡ رُسُلُهُم بِٱلۡبَيِّنَٰتِ فَرَدُّوٓاْ أَيۡدِيَهُمۡ فِيٓ أَفۡوَٰهِهِمۡ وَقَالُوٓاْ إِنَّا كَفَرۡنَا بِمَآ أُرۡسِلۡتُم بِهِۦ وَإِنَّا لَفِي شَكّٖ مِّمَّا تَدۡعُونَنَآ إِلَيۡهِ مُرِيبٖ
2,البقرة,249,0.599,new_dp_only,6143.42,6199.55,56.13,60,520,249/286,87.1,فَلَمَّا فَصَلَ طَالُوتُ بِٱلۡجُنُودِ قَالَ إِنَّ ٱللَّهَ مُبۡتَلِيكُم بِنَهَرٖ فَمَن شَرِبَ مِنۡهُ فَلَيۡسَ مِنِّي وَمَن لَّمۡ يَطۡعَمۡهُ فَإِنَّهُۥ مِنِّيٓ إِلَّا مَنِ ٱغۡتَرَفَ غُرۡفَةَۢ بِيَدِهِۦۚ فَشَرِبُواْ مِنۡهُ إِلَّا قَلِيلٗا مِّنۡهُمۡۚ فَلَمَّا جَاوَزَهُۥ هُوَ وَٱلَّذِينَ ءَامَنُواْ مَعَهُۥ قَالُواْ لَا طَاقَةَ لَنَا ٱلۡيَوۡمَ بِجَالُوتَ وَجُنُودِهِۦۚ قَالَ ٱلَّذِينَ يَظُنُّونَ أَنَّهُم مُّلَٰقُواْ ٱللَّهِ كَم مِّن فِئَةٖ قَلِيلَةٍ غَلَبَتۡ فِئَةٗ كَثِيرَةَۢ بِإِذۡنِ ٱللَّهِۗ وَٱللَّهُ مَعَ ٱلصَّٰبِرِينَ
33,الأحزاب,50,0.599,new_dp,1181.02,1227.85,46.83,61,558,50/73,68.5,يَٰٓأَيُّهَا ٱلنَّبِيُّ إِنَّآ أَحۡلَلۡنَا لَكَ أَزۡوَٰجَكَ ٱلَّٰتِيٓ ءَاتَيۡتَ أُجُورَهُنَّ وَمَا مَلَكَتۡ يَمِينُكَ مِمَّآ أَفَآءَ ٱللَّهُ عَلَيۡكَ وَبَنَاتِ عَمِّكَ وَبَنَاتِ عَمَّٰتِكَ وَبَنَاتِ خَالِكَ وَبَنَاتِ خَٰلَٰتِكَ ٱلَّٰتِي هَاجَرۡنَ مَعَكَ وَٱمۡرَأَةٗ مُّؤۡمِنَةً إِن وَهَبَتۡ نَفۡسَهَا لِلنَّبِيِّ إِنۡ أَرَادَ ٱلنَّبِيُّ أَن يَسۡتَنكِحَهَا خَالِصَةٗ لَّكَ مِن دُونِ ٱلۡمُؤۡمِنِينَۗ قَدۡ عَلِمۡنَا مَا فَرَضۡنَا عَلَيۡهِمۡ فِيٓ أَزۡوَٰجِهِمۡ وَمَا مَلَكَتۡ أَيۡمَٰنُهُمۡ لِكَيۡلَا يَكُونَ عَلَيۡكَ حَرَجٞۗ وَكَانَ ٱللَّهُ غَفُورٗا رَّحِيمٗا
7,الأعراف,157,0.602,old,3002.23,3057.05,54.82,43,464,157/206,76.2,ٱلَّذِينَ يَتَّبِعُونَ ٱلرَّسُولَ ٱلنَّبِيَّ ٱلۡأُمِّيَّ ٱلَّذِي يَجِدُونَهُۥ مَكۡتُوبًا عِندَهُمۡ فِي ٱلتَّوۡرَىٰةِ وَٱلۡإِنجِيلِ يَأۡمُرُهُم بِٱلۡمَعۡرُوفِ وَيَنۡهَىٰهُمۡ عَنِ ٱلۡمُنكَرِ وَيُحِلُّ لَهُمُ ٱلطَّيِّبَٰتِ وَيُحَرِّمُ عَلَيۡهِمُ ٱلۡخَبَٰٓئِثَ وَيَضَعُ عَنۡهُمۡ إِصۡرَهُمۡ وَٱلۡأَغۡلَٰلَ ٱلَّتِي كَانَتۡ عَلَيۡهِمۡۚ فَٱلَّذِينَ ءَامَنُواْ بِهِۦ وَعَزَّرُوهُ وَنَصَرُوهُ وَٱتَّبَعُواْ ٱلنُّورَ ٱلَّذِيٓ أُنزِلَ مَعَهُۥٓ أُوْلَٰٓئِكَ هُمُ ٱلۡمُفۡلِحُونَ
2,البقرة,221,0.608,new_dp,5196.37,5232.92,36.55,39,404,221/286,77.3,وَلَا تَنكِحُواْ ٱلۡمُشۡرِكَٰتِ حَتَّىٰ يُؤۡمِنَّۚ وَلَأَمَةٞ مُّؤۡمِنَةٌ خَيۡرٞ مِّن مُّشۡرِكَةٖ وَلَوۡ أَعۡجَبَتۡكُمۡۗ وَلَا تُنكِحُواْ ٱلۡمُشۡرِكِينَ حَتَّىٰ يُؤۡمِنُواْۚ وَلَعَبۡدٞ مُّؤۡمِنٌ خَيۡرٞ مِّن مُّشۡرِكٖ وَلَوۡ أَعۡجَبَكُمۡۗ أُوْلَٰٓئِكَ يَدۡعُونَ إِلَى ٱلنَّارِۖ وَٱللَّهُ يَدۡعُوٓاْ إِلَى ٱلۡجَنَّةِ وَٱلۡمَغۡفِرَةِ بِإِذۡنِهِۦۖ وَيُبَيِّنُ ءَايَٰتِهِۦ لِلنَّاسِ لَعَلَّهُمۡ يَتَذَكَّرُونَ
2,البقرة,177,0.61,old,3950.0899999999997,4031.05,80.96,52,551,177/286,61.9,۞ لَّيۡسَ ٱلۡبِرَّ أَن تُوَلُّواْ وُجُوهَكُمۡ قِبَلَ ٱلۡمَشۡرِقِ وَٱلۡمَغۡرِبِ وَلَٰكِنَّ ٱلۡبِرَّ مَنۡ ءَامَنَ بِٱللَّهِ وَٱلۡيَوۡمِ ٱلۡأٓخِرِ وَٱلۡمَلَٰٓئِكَةِ وَٱلۡكِتَٰبِ وَٱلنَّبِيِّـۧنَ وَءَاتَى ٱلۡمَالَ عَلَىٰ حُبِّهِۦ ذَوِي ٱلۡقُرۡبَىٰ وَٱلۡيَتَٰمَىٰ وَٱلۡمَسَٰكِينَ وَٱبۡنَ ٱلسَّبِيلِ وَٱلسَّآئِلِينَ وَفِي ٱلرِّقَابِ وَأَقَامَ ٱلصَّلَوٰةَ وَءَاتَى ٱلزَّكَوٰةَ وَٱلۡمُوفُونَ بِعَهۡدِهِمۡ إِذَا عَٰهَدُواْۖ وَٱلصَّٰبِرِينَ فِي ٱلۡبَأۡسَآءِ وَٱلضَّرَّآءِ وَحِينَ ٱلۡبَأۡسِۗ أُوْلَٰٓئِكَ ٱلَّذِينَ صَدَقُواْۖ وَأُوْلَٰٓئِكَ هُمُ ٱلۡمُتَّقُونَ
2,البقرة,234,0.617,new_dp_only,5672.25,5745.1,72.85,25,256,234/286,81.8,وَٱلَّذِينَ يُتَوَفَّوۡنَ مِنكُمۡ وَيَذَرُونَ أَزۡوَٰجٗا يَتَرَبَّصۡنَ بِأَنفُسِهِنَّ أَرۡبَعَةَ أَشۡهُرٖ وَعَشۡرٗاۖ فَإِذَا بَلَغۡنَ أَجَلَهُنَّ فَلَا جُنَاحَ عَلَيۡكُمۡ فِيمَا فَعَلۡنَ فِيٓ أَنفُسِهِنَّ بِٱلۡمَعۡرُوفِۗ وَٱللَّهُ بِمَا تَعۡمَلُونَ خَبِيرٞ
9,التوبة,120,0.619,new_dp,2872.98,2926.56,53.58,52,424,120/129,93.0,مَا كَانَ لِأَهۡلِ ٱلۡمَدِينَةِ وَمَنۡ حَوۡلَهُم مِّنَ ٱلۡأَعۡرَابِ أَن يَتَخَلَّفُواْ عَن رَّسُولِ ٱللَّهِ وَلَا يَرۡغَبُواْ بِأَنفُسِهِمۡ عَن نَّفۡسِهِۦۚ ذَٰلِكَ بِأَنَّهُمۡ لَا يُصِيبُهُمۡ ظَمَأٞ وَلَا نَصَبٞ وَلَا مَخۡمَصَةٞ فِي سَبِيلِ ٱللَّهِ وَلَا يَطَـُٔونَ مَوۡطِئٗا يَغِيظُ ٱلۡكُفَّارَ وَلَا يَنَالُونَ مِنۡ عَدُوّٖ نَّيۡلًا إِلَّا كُتِبَ لَهُم بِهِۦ عَمَلٞ صَٰلِحٌۚ إِنَّ ٱللَّهَ لَا يُضِيعُ أَجۡرَ ٱلۡمُحۡسِنِينَ
33,الأحزاب,53,0.623,old,1290.8300000000002,1385.12,94.29,69,625,53/73,72.6,يَٰٓأَيُّهَا ٱلَّذِينَ ءَامَنُواْ لَا تَدۡخُلُواْ بُيُوتَ ٱلنَّبِيِّ إِلَّآ أَن يُؤۡذَنَ لَكُمۡ إِلَىٰ طَعَامٍ غَيۡرَ نَٰظِرِينَ إِنَىٰهُ وَلَٰكِنۡ إِذَا دُعِيتُمۡ فَٱدۡخُلُواْ فَإِذَا طَعِمۡتُمۡ فَٱنتَشِرُواْ وَلَا مُسۡتَـٔۡنِسِينَ لِحَدِيثٍۚ إِنَّ ذَٰلِكُمۡ كَانَ يُؤۡذِي ٱلنَّبِيَّ فَيَسۡتَحۡيِۦ مِنكُمۡۖ وَٱللَّهُ لَا يَسۡتَحۡيِۦ مِنَ ٱلۡحَقِّۚ وَإِذَا سَأَلۡتُمُوهُنَّ مَتَٰعٗا فَسۡـَٔلُوهُنَّ مِن وَرَآءِ حِجَابٖۚ ذَٰلِكُمۡ أَطۡهَرُ لِقُلُوبِكُمۡ وَقُلُوبِهِنَّۚ وَمَا كَانَ لَكُمۡ أَن تُؤۡذُواْ رَسُولَ ٱللَّهِ وَلَآ أَن تَنكِحُوٓاْ أَزۡوَٰجَهُۥ مِنۢ بَعۡدِهِۦٓ أَبَدًاۚ إِنَّ ذَٰلِكُمۡ كَانَ عِندَ ٱللَّهِ عَظِيمًا
2,البقرة,258,0.635,new_dp_only,6449.14,6506.83,57.69,43,359,258/286,90.2,أَلَمۡ تَرَ إِلَى ٱلَّذِي حَآجَّ إِبۡرَٰهِـۧمَ فِي رَبِّهِۦٓ أَنۡ ءَاتَىٰهُ ٱللَّهُ ٱلۡمُلۡكَ إِذۡ قَالَ إِبۡرَٰهِـۧمُ رَبِّيَ ٱلَّذِي يُحۡيِۦ وَيُمِيتُ قَالَ أَنَا۠ أُحۡيِۦ وَأُمِيتُۖ قَالَ إِبۡرَٰهِـۧمُ فَإِنَّ ٱللَّهَ يَأۡتِي بِٱلشَّمۡسِ مِنَ ٱلۡمَشۡرِقِ فَأۡتِ بِهَا مِنَ ٱلۡمَغۡرِبِ فَبُهِتَ ٱلَّذِي كَفَرَۗ وَٱللَّهُ لَا يَهۡدِي ٱلۡقَوۡمَ ٱلظَّٰلِمِينَ
35,فاطر,39,0.635,new_dp_only,756.0,803.61,47.61,24,210,39/45,86.7,هُوَ ٱلَّذِي جَعَلَكُمۡ خَلَٰٓئِفَ فِي ٱلۡأَرۡضِۚ فَمَن كَفَرَ فَعَلَيۡهِ كُفۡرُهُۥۖ وَلَا يَزِيدُ ٱلۡكَٰفِرِينَ كُفۡرُهُمۡ عِندَ رَبِّهِمۡ إِلَّا مَقۡتٗاۖ وَلَا يَزِيدُ ٱلۡكَٰفِرِينَ كُفۡرُهُمۡ إِلَّا خَسَارٗا
33,الأحزاب,37,0.636,new_dp,884.9,928.6,43.7,48,417,37/73,50.7,وَإِذۡ تَقُولُ لِلَّذِيٓ أَنۡعَمَ ٱللَّهُ عَلَيۡهِ وَأَنۡعَمۡتَ عَلَيۡهِ أَمۡسِكۡ عَلَيۡكَ زَوۡجَكَ وَٱتَّقِ ٱللَّهَ وَتُخۡفِي فِي نَفۡسِكَ مَا ٱللَّهُ مُبۡدِيهِ وَتَخۡشَى ٱلنَّاسَ وَٱللَّهُ أَحَقُّ أَن تَخۡشَىٰهُۖ فَلَمَّا قَضَىٰ زَيۡدٞ مِّنۡهَا وَطَرٗا زَوَّجۡنَٰكَهَا لِكَيۡ لَا يَكُونَ عَلَى ٱلۡمُؤۡمِنِينَ حَرَجٞ فِيٓ أَزۡوَٰجِ أَدۡعِيَآئِهِمۡ إِذَا قَضَوۡاْ مِنۡهُنَّ وَطَرٗاۚ وَكَانَ أَمۡرُ ٱللَّهِ مَفۡعُولٗا
35,فاطر,45,0.641,new_dp_only,925.14,946.03,20.89,25,211,45/45,100.0,وَلَوۡ يُؤَاخِذُ ٱللَّهُ ٱلنَّاسَ بِمَا كَسَبُواْ مَا تَرَكَ عَلَىٰ ظَهۡرِهَا مِن دَآبَّةٖ وَلَٰكِن يُؤَخِّرُهُمۡ إِلَىٰٓ أَجَلٖ مُّسَمّٗىۖ فَإِذَا جَآءَ أَجَلُهُمۡ فَإِنَّ ٱللَّهَ كَانَ بِعِبَادِهِۦ بَصِيرَۢا
5,المائدة,41,0.642,old,1263.3400000000001,1334.37,71.03,68,601,41/120,34.2,۞ يَٰٓأَيُّهَا ٱلرَّسُولُ لَا يَحۡزُنكَ ٱلَّذِينَ يُسَٰرِعُونَ فِي ٱلۡكُفۡرِ مِنَ ٱلَّذِينَ قَالُوٓاْ ءَامَنَّا بِأَفۡوَٰهِهِمۡ وَلَمۡ تُؤۡمِن قُلُوبُهُمۡۛ وَمِنَ ٱلَّذِينَ هَادُواْۛ سَمَّٰعُونَ لِلۡكَذِبِ سَمَّٰعُونَ لِقَوۡمٍ ءَاخَرِينَ لَمۡ يَأۡتُوكَۖ يُحَرِّفُونَ ٱلۡكَلِمَ مِنۢ بَعۡدِ مَوَاضِعِهِۦۖ يَقُولُونَ إِنۡ أُوتِيتُمۡ هَٰذَا فَخُذُوهُ وَإِن لَّمۡ تُؤۡتَوۡهُ فَٱحۡذَرُواْۚ وَمَن يُرِدِ ٱللَّهُ فِتۡنَتَهُۥ فَلَن تَمۡلِكَ لَهُۥ مِنَ ٱللَّهِ شَيۡـًٔاۚ أُوْلَٰٓئِكَ ٱلَّذِينَ لَمۡ يُرِدِ ٱللَّهُ أَن يُطَهِّرَ قُلُوبَهُمۡۚ لَهُمۡ فِي ٱلدُّنۡيَا خِزۡيٞۖ وَلَهُمۡ فِي ٱلۡأٓخِرَةِ عَذَابٌ عَظِيمٞ
2,البقرة,232,0.646,new_dp_only,5571.02,5629.41,58.39,33,313,232/286,81.1,وَإِذَا طَلَّقۡتُمُ ٱلنِّسَآءَ فَبَلَغۡنَ أَجَلَهُنَّ فَلَا تَعۡضُلُوهُنَّ أَن يَنكِحۡنَ أَزۡوَٰجَهُنَّ إِذَا تَرَٰضَوۡاْ بَيۡنَهُم بِٱلۡمَعۡرُوفِۗ ذَٰلِكَ يُوعَظُ بِهِۦ مَن كَانَ مِنكُمۡ يُؤۡمِنُ بِٱللَّهِ وَٱلۡيَوۡمِ ٱلۡأٓخِرِۗ ذَٰلِكُمۡ أَزۡكَىٰ لَكُمۡ وَأَطۡهَرُۚ وَٱللَّهُ يَعۡلَمُ وَأَنتُمۡ لَا تَعۡلَمُونَ
2,البقرة,251,0.649,new_dp_only,6229.17,6242.07,12.9,27,255,251/286,87.8,فَهَزَمُوهُم بِإِذۡنِ ٱللَّهِ وَقَتَلَ دَاوُۥدُ جَالُوتَ وَءَاتَىٰهُ ٱللَّهُ ٱلۡمُلۡكَ وَٱلۡحِكۡمَةَ وَعَلَّمَهُۥ مِمَّا يَشَآءُۗ وَلَوۡلَا دَفۡعُ ٱللَّهِ ٱلنَّاسَ بَعۡضَهُم بِبَعۡضٖ لَّفَسَدَتِ ٱلۡأَرۡضُ وَلَٰكِنَّ ٱللَّهَ ذُو فَضۡلٍ عَلَى ٱلۡعَٰلَمِينَ
2,البقرة,61,0.65,old,1156.41,1227.1599999999999,70.75,59,549,61/286,21.3,وَإِذۡ قُلۡتُمۡ يَٰمُوسَىٰ لَن نَّصۡبِرَ عَلَىٰ طَعَامٖ وَٰحِدٖ فَٱدۡعُ لَنَا رَبَّكَ يُخۡرِجۡ لَنَا مِمَّا تُنۢبِتُ ٱلۡأَرۡضُ مِنۢ بَقۡلِهَا وَقِثَّآئِهَا وَفُومِهَا وَعَدَسِهَا وَبَصَلِهَاۖ قَالَ أَتَسۡتَبۡدِلُونَ ٱلَّذِي هُوَ أَدۡنَىٰ بِٱلَّذِي هُوَ خَيۡرٌۚ ٱهۡبِطُواْ مِصۡرٗا فَإِنَّ لَكُم مَّا سَأَلۡتُمۡۗ وَضُرِبَتۡ عَلَيۡهِمُ ٱلذِّلَّةُ وَٱلۡمَسۡكَنَةُ وَبَآءُو بِغَضَبٖ مِّنَ ٱللَّهِۚ ذَٰلِكَ بِأَنَّهُمۡ كَانُواْ يَكۡفُرُونَ بِـَٔايَٰتِ ٱللَّهِ وَيَقۡتُلُونَ ٱلنَّبِيِّـۧنَ بِغَيۡرِ ٱلۡحَقِّۚ ذَٰلِكَ بِمَا عَصَواْ وَّكَانُواْ يَعۡتَدُونَ
3,آل عمران,80,0.65,new_dp,1701.51,1740.47,38.96,13,138,80/200,40.0,وَلَا يَأۡمُرَكُمۡ أَن تَتَّخِذُواْ ٱلۡمَلَٰٓئِكَةَ وَٱلنَّبِيِّـۧنَ أَرۡبَابًاۚ أَيَأۡمُرُكُم بِٱلۡكُفۡرِ بَعۡدَ إِذۡ أَنتُم مُّسۡلِمُونَ
6,الأنعام,143,0.652,new_dp,3116.73,3175.75,59.02,23,225,143/165,86.7,ثَمَٰنِيَةَ أَزۡوَٰجٖۖ مِّنَ ٱلضَّأۡنِ ٱثۡنَيۡنِ وَمِنَ ٱلۡمَعۡزِ ٱثۡنَيۡنِۗ قُلۡ ءَآلذَّكَرَيۡنِ حَرَّمَ أَمِ ٱلۡأُنثَيَيۡنِ أَمَّا ٱشۡتَمَلَتۡ عَلَيۡهِ أَرۡحَامُ ٱلۡأُنثَيَيۡنِۖ نَبِّـُٔونِي بِعِلۡمٍ إِن كُنتُمۡ صَٰدِقِينَ
5,المائدة,48,0.656,new_dp,1563.26,1602.69,39.43,51,486,48/120,40.0,وَأَنزَلۡنَآ إِلَيۡكَ ٱلۡكِتَٰبَ بِٱلۡحَقِّ مُصَدِّقٗا لِّمَا بَيۡنَ يَدَيۡهِ مِنَ ٱلۡكِتَٰبِ وَمُهَيۡمِنًا عَلَيۡهِۖ فَٱحۡكُم بَيۡنَهُم بِمَآ أَنزَلَ ٱللَّهُۖ وَلَا تَتَّبِعۡ أَهۡوَآءَهُمۡ عَمَّا جَآءَكَ مِنَ ٱلۡحَقِّۚ لِكُلّٖ جَعَلۡنَا مِنكُمۡ شِرۡعَةٗ وَمِنۡهَاجٗاۚ وَلَوۡ شَآءَ ٱللَّهُ لَجَعَلَكُمۡ أُمَّةٗ وَٰحِدَةٗ وَلَٰكِن لِّيَبۡلُوَكُمۡ فِي مَآ ءَاتَىٰكُمۡۖ فَٱسۡتَبِقُواْ ٱلۡخَيۡرَٰتِۚ إِلَى ٱللَّهِ مَرۡجِعُكُمۡ جَمِيعٗا فَيُنَبِّئُكُم بِمَا كُنتُمۡ فِيهِ تَخۡتَلِفُونَ
74,المدثر,10,0.656,new_dp,42.16,50.34,8.18,4,34,10/56,17.9,عَلَى ٱلۡكَٰفِرِينَ غَيۡرُ يَسِيرٖ
2,البقرة,240,0.657,new_dp_only,5884.62,5898.74,14.12,27,244,240/286,83.9,وَٱلَّذِينَ يُتَوَفَّوۡنَ مِنكُمۡ وَيَذَرُونَ أَزۡوَٰجٗا وَصِيَّةٗ لِّأَزۡوَٰجِهِم مَّتَٰعًا إِلَى ٱلۡحَوۡلِ غَيۡرَ إِخۡرَاجٖۚ فَإِنۡ خَرَجۡنَ فَلَا جُنَاحَ عَلَيۡكُمۡ فِي مَا فَعَلۡنَ فِيٓ أَنفُسِهِنَّ مِن مَّعۡرُوفٖۗ وَٱللَّهُ عَزِيزٌ حَكِيمٞ
24,النور,31,0.659,old,594.8299999999999,705.7099999999999,110.88,78,758,31/64,48.4,وَقُل لِّلۡمُؤۡمِنَٰتِ يَغۡضُضۡنَ مِنۡ أَبۡصَٰرِهِنَّ وَيَحۡفَظۡنَ فُرُوجَهُنَّ وَلَا يُبۡدِينَ زِينَتَهُنَّ إِلَّا مَا ظَهَرَ مِنۡهَاۖ وَلۡيَضۡرِبۡنَ بِخُمُرِهِنَّ عَلَىٰ جُيُوبِهِنَّۖ وَلَا يُبۡدِينَ زِينَتَهُنَّ إِلَّا لِبُعُولَتِهِنَّ أَوۡ ءَابَآئِهِنَّ أَوۡ ءَابَآءِ بُعُولَتِهِنَّ أَوۡ أَبۡنَآئِهِنَّ أَوۡ أَبۡنَآءِ بُعُولَتِهِنَّ أَوۡ إِخۡوَٰنِهِنَّ أَوۡ بَنِيٓ إِخۡوَٰنِهِنَّ أَوۡ بَنِيٓ أَخَوَٰتِهِنَّ أَوۡ نِسَآئِهِنَّ أَوۡ مَا مَلَكَتۡ أَيۡمَٰنُهُنَّ أَوِ ٱلتَّٰبِعِينَ غَيۡرِ أُوْلِي ٱلۡإِرۡبَةِ مِنَ ٱلرِّجَالِ أَوِ ٱلطِّفۡلِ ٱلَّذِينَ لَمۡ يَظۡهَرُواْ عَلَىٰ عَوۡرَٰتِ ٱلنِّسَآءِۖ وَلَا يَضۡرِبۡنَ بِأَرۡجُلِهِنَّ لِيُعۡلَمَ مَا يُخۡفِينَ مِن زِينَتِهِنَّۚ وَتُوبُوٓاْ إِلَى ٱللَّهِ جَمِيعًا أَيُّهَ ٱلۡمُؤۡمِنُونَ لَعَلَّكُمۡ تُفۡلِحُونَ
24,النور,62,0.659,old,1589.14,1643.98,54.84,39,389,62/64,96.9,إِنَّمَا ٱلۡمُؤۡمِنُونَ ٱلَّذِينَ ءَامَنُواْ بِٱللَّهِ وَرَسُولِهِۦ وَإِذَا كَانُواْ مَعَهُۥ عَلَىٰٓ أَمۡرٖ جَامِعٖ لَّمۡ يَذۡهَبُواْ حَتَّىٰ يَسۡتَـٔۡذِنُوهُۚ إِنَّ ٱلَّذِينَ يَسۡتَـٔۡذِنُونَكَ أُوْلَٰٓئِكَ ٱلَّذِينَ يُؤۡمِنُونَ بِٱللَّهِ وَرَسُولِهِۦۚ فَإِذَا ٱسۡتَـٔۡذَنُوكَ لِبَعۡضِ شَأۡنِهِمۡ فَأۡذَن لِّمَن شِئۡتَ مِنۡهُمۡ وَٱسۡتَغۡفِرۡ لَهُمُ ٱللَّهَۚ إِنَّ ٱللَّهَ غَفُورٞ رَّحِيمٞ
2,البقرة,217,0.662,old,5030.110000000001,5093.6900000000005,63.58,57,521,217/286,75.9,يَسۡـَٔلُونَكَ عَنِ ٱلشَّهۡرِ ٱلۡحَرَامِ قِتَالٖ فِيهِۖ قُلۡ قِتَالٞ فِيهِ كَبِيرٞۚ وَصَدٌّ عَن سَبِيلِ ٱللَّهِ وَكُفۡرُۢ بِهِۦ وَٱلۡمَسۡجِدِ ٱلۡحَرَامِ وَإِخۡرَاجُ أَهۡلِهِۦ مِنۡهُ أَكۡبَرُ عِندَ ٱللَّهِۚ وَٱلۡفِتۡنَةُ أَكۡبَرُ مِنَ ٱلۡقَتۡلِۗ وَلَا يَزَالُونَ يُقَٰتِلُونَكُمۡ حَتَّىٰ يَرُدُّوكُمۡ عَن دِينِكُمۡ إِنِ ٱسۡتَطَٰعُواْۚ وَمَن يَرۡتَدِدۡ مِنكُمۡ عَن دِينِهِۦ فَيَمُتۡ وَهُوَ كَافِرٞ فَأُوْلَٰٓئِكَ حَبِطَتۡ أَعۡمَٰلُهُمۡ فِي ٱلدُّنۡيَا وَٱلۡأٓخِرَةِۖ وَأُوْلَٰٓئِكَ أَصۡحَٰبُ ٱلنَّارِۖ هُمۡ فِيهَا خَٰلِدُونَ
2,البقرة,220,0.67,new_dp,5148.4,5195.58,47.18,26,251,220/286,76.9,فِي ٱلدُّنۡيَا وَٱلۡأٓخِرَةِۗ وَيَسۡـَٔلُونَكَ عَنِ ٱلۡيَتَٰمَىٰۖ قُلۡ إِصۡلَاحٞ لَّهُمۡ خَيۡرٞۖ وَإِن تُخَالِطُوهُمۡ فَإِخۡوَٰنُكُمۡۚ وَٱللَّهُ يَعۡلَمُ ٱلۡمُفۡسِدَ مِنَ ٱلۡمُصۡلِحِۚ وَلَوۡ شَآءَ ٱللَّهُ لَأَعۡنَتَكُمۡۚ إِنَّ ٱللَّهَ عَزِيزٌ حَكِيمٞ
35,فاطر,35,0.67,new_dp_only,661.55,690.48,28.93,14,113,35/45,77.8,ٱلَّذِيٓ أَحَلَّنَا دَارَ ٱلۡمُقَامَةِ مِن فَضۡلِهِۦ لَا يَمَسُّنَا فِيهَا نَصَبٞ وَلَا يَمَسُّنَا فِيهَا لُغُوبٞ
33,الأحزاب,35,0.671,old,764.2299999999999,836.1099999999999,71.88,30,419,35/73,47.9,إِنَّ ٱلۡمُسۡلِمِينَ وَٱلۡمُسۡلِمَٰتِ وَٱلۡمُؤۡمِنِينَ وَٱلۡمُؤۡمِنَٰتِ وَٱلۡقَٰنِتِينَ وَٱلۡقَٰنِتَٰتِ وَٱلصَّٰدِقِينَ وَٱلصَّٰدِقَٰتِ وَٱلصَّٰبِرِينَ وَٱلصَّٰبِرَٰتِ وَٱلۡخَٰشِعِينَ وَٱلۡخَٰشِعَٰتِ وَٱلۡمُتَصَدِّقِينَ وَٱلۡمُتَصَدِّقَٰتِ وَٱلصَّٰٓئِمِينَ وَٱلصَّٰٓئِمَٰتِ وَٱلۡحَٰفِظِينَ فُرُوجَهُمۡ وَٱلۡحَٰفِظَٰتِ وَٱلذَّٰكِرِينَ ٱللَّهَ كَثِيرٗا وَٱلذَّٰكِرَٰتِ أَعَدَّ ٱللَّهُ لَهُم مَّغۡفِرَةٗ وَأَجۡرًا عَظِيمٗا
47,محمد,38,0.672,new_dp,657.6,680.84,23.24,29,276,38/38,100.0,هَٰٓأَنتُمۡ هَٰٓؤُلَآءِ تُدۡعَوۡنَ لِتُنفِقُواْ فِي سَبِيلِ ٱللَّهِ فَمِنكُم مَّن يَبۡخَلُۖ وَمَن يَبۡخَلۡ فَإِنَّمَا يَبۡخَلُ عَن نَّفۡسِهِۦۚ وَٱللَّهُ ٱلۡغَنِيُّ وَأَنتُمُ ٱلۡفُقَرَآءُۚ وَإِن تَتَوَلَّوۡاْ يَسۡتَبۡدِلۡ قَوۡمًا غَيۡرَكُمۡ ثُمَّ لَا يَكُونُوٓاْ أَمۡثَٰلَكُم
2,البقرة,125,0.673,new_dp,2744.34,2759.96,15.62,22,236,125/286,43.7,وَإِذۡ جَعَلۡنَا ٱلۡبَيۡتَ مَثَابَةٗ لِّلنَّاسِ وَأَمۡنٗا وَٱتَّخِذُواْ مِن مَّقَامِ إِبۡرَٰهِـۧمَ مُصَلّٗىۖ وَعَهِدۡنَآ إِلَىٰٓ إِبۡرَٰهِـۧمَ وَإِسۡمَٰعِيلَ أَن طَهِّرَا بَيۡتِيَ لِلطَّآئِفِينَ وَٱلۡعَٰكِفِينَ وَٱلرُّكَّعِ ٱلسُّجُودِ
24,النور,58,0.676,new_dp,1399.11,1437.66,38.55,49,470,58/64,90.6,يَٰٓأَيُّهَا ٱلَّذِينَ ءَامَنُواْ لِيَسۡتَـٔۡذِنكُمُ ٱلَّذِينَ مَلَكَتۡ أَيۡمَٰنُكُمۡ وَٱلَّذِينَ لَمۡ يَبۡلُغُواْ ٱلۡحُلُمَ مِنكُمۡ ثَلَٰثَ مَرَّٰتٖۚ مِّن قَبۡلِ صَلَوٰةِ ٱلۡفَجۡرِ وَحِينَ تَضَعُونَ ثِيَابَكُم مِّنَ ٱلظَّهِيرَةِ وَمِنۢ بَعۡدِ صَلَوٰةِ ٱلۡعِشَآءِۚ ثَلَٰثُ عَوۡرَٰتٖ لَّكُمۡۚ لَيۡسَ عَلَيۡكُمۡ وَلَا عَلَيۡهِمۡ جُنَاحُۢ بَعۡدَهُنَّۚ طَوَّٰفُونَ عَلَيۡكُم بَعۡضُكُمۡ عَلَىٰ بَعۡضٖۚ كَذَٰلِكَ يُبَيِّنُ ٱللَّهُ لَكُمُ ٱلۡأٓيَٰتِۗ وَٱللَّهُ عَلِيمٌ حَكِيمٞ
2,البقرة,230,0.681,new_dp_only,5455.65,5526.27,70.62,30,246,230/286,80.4,فَإِن طَلَّقَهَا فَلَا تَحِلُّ لَهُۥ مِنۢ بَعۡدُ حَتَّىٰ تَنكِحَ زَوۡجًا غَيۡرَهُۥۗ فَإِن طَلَّقَهَا فَلَا جُنَاحَ عَلَيۡهِمَآ أَن يَتَرَاجَعَآ إِن ظَنَّآ أَن يُقِيمَا حُدُودَ ٱللَّهِۗ وَتِلۡكَ حُدُودُ ٱللَّهِ يُبَيِّنُهَا لِقَوۡمٖ يَعۡلَمُونَ
4,النساء,25,0.682,old,838.5400000000001,914.42,75.88,58,558,25/176,14.2,وَمَن لَّمۡ يَسۡتَطِعۡ مِنكُمۡ طَوۡلًا أَن يَنكِحَ ٱلۡمُحۡصَنَٰتِ ٱلۡمُؤۡمِنَٰتِ فَمِن مَّا مَلَكَتۡ أَيۡمَٰنُكُم مِّن فَتَيَٰتِكُمُ ٱلۡمُؤۡمِنَٰتِۚ وَٱللَّهُ أَعۡلَمُ بِإِيمَٰنِكُمۚ بَعۡضُكُم مِّنۢ بَعۡضٖۚ فَٱنكِحُوهُنَّ بِإِذۡنِ أَهۡلِهِنَّ وَءَاتُوهُنَّ أُجُورَهُنَّ بِٱلۡمَعۡرُوفِ مُحۡصَنَٰتٍ غَيۡرَ مُسَٰفِحَٰتٖ وَلَا مُتَّخِذَٰتِ أَخۡدَانٖۚ فَإِذَآ أُحۡصِنَّ فَإِنۡ أَتَيۡنَ بِفَٰحِشَةٖ فَعَلَيۡهِنَّ نِصۡفُ مَا عَلَى ٱلۡمُحۡصَنَٰتِ مِنَ ٱلۡعَذَابِۚ ذَٰلِكَ لِمَنۡ خَشِيَ ٱلۡعَنَتَ مِنكُمۡۚ وَأَن تَصۡبِرُواْ خَيۡرٞ لَّكُمۡۗ وَٱللَّهُ غَفُورٞ رَّحِيمٞ
2,البقرة,231,0.683,new_dp_only,5526.81,5570.03,43.22,45,440,231/286,80.8,وَإِذَا طَلَّقۡتُمُ ٱلنِّسَآءَ فَبَلَغۡنَ أَجَلَهُنَّ فَأَمۡسِكُوهُنَّ بِمَعۡرُوفٍ أَوۡ سَرِّحُوهُنَّ بِمَعۡرُوفٖۚ وَلَا تُمۡسِكُوهُنَّ ضِرَارٗا لِّتَعۡتَدُواْۚ وَمَن يَفۡعَلۡ ذَٰلِكَ فَقَدۡ ظَلَمَ نَفۡسَهُۥۚ وَلَا تَتَّخِذُوٓاْ ءَايَٰتِ ٱللَّهِ هُزُوٗاۚ وَٱذۡكُرُواْ نِعۡمَتَ ٱللَّهِ عَلَيۡكُمۡ وَمَآ أَنزَلَ عَلَيۡكُم مِّنَ ٱلۡكِتَٰبِ وَٱلۡحِكۡمَةِ يَعِظُكُم بِهِۦۚ وَٱتَّقُواْ ٱللَّهَ وَٱعۡلَمُوٓاْ أَنَّ ٱللَّهَ بِكُلِّ شَيۡءٍ عَلِيمٞ
2,البقرة,239,0.684,new_dp_only,5854.05,5883.81,29.76,15,133,239/286,83.6,فَإِنۡ خِفۡتُمۡ فَرِجَالًا أَوۡ رُكۡبَانٗاۖ فَإِذَآ أَمِنتُمۡ فَٱذۡكُرُواْ ٱللَّهَ كَمَا عَلَّمَكُم مَّا لَمۡ تَكُونُواْ تَعۡلَمُونَ
35,فاطر,43,0.685,new_dp_only,879.24,899.56,20.32,26,237,43/45,95.6,ٱسۡتِكۡبَارٗا فِي ٱلۡأَرۡضِ وَمَكۡرَ ٱلسَّيِّيِٕۚ وَلَا يَحِيقُ ٱلۡمَكۡرُ ٱلسَّيِّئُ إِلَّا بِأَهۡلِهِۦۚ فَهَلۡ يَنظُرُونَ إِلَّا سُنَّتَ ٱلۡأَوَّلِينَۚ فَلَن تَجِدَ لِسُنَّتِ ٱللَّهِ تَبۡدِيلٗاۖ وَلَن تَجِدَ لِسُنَّتِ ٱللَّهِ تَحۡوِيلًا
35,فاطر,19,0.686,old,417.86,426.62,8.76,4,40,19/45,42.2,وَمَا يَسۡتَوِي ٱلۡأَعۡمَىٰ وَٱلۡبَصِيرُ
2,البقرة,143,0.689,new_dp,3161.62,3212.85,51.23,45,407,143/286,50.0,وَكَذَٰلِكَ جَعَلۡنَٰكُمۡ أُمَّةٗ وَسَطٗا لِّتَكُونُواْ شُهَدَآءَ عَلَى ٱلنَّاسِ وَيَكُونَ ٱلرَّسُولُ عَلَيۡكُمۡ شَهِيدٗاۗ وَمَا جَعَلۡنَا ٱلۡقِبۡلَةَ ٱلَّتِي كُنتَ عَلَيۡهَآ إِلَّا لِنَعۡلَمَ مَن يَتَّبِعُ ٱلرَّسُولَ مِمَّن يَنقَلِبُ عَلَىٰ عَقِبَيۡهِۚ وَإِن كَانَتۡ لَكَبِيرَةً إِلَّا عَلَى ٱلَّذِينَ هَدَى ٱللَّهُۗ وَمَا كَانَ ٱللَّهُ لِيُضِيعَ إِيمَٰنَكُمۡۚ إِنَّ ٱللَّهَ بِٱلنَّاسِ لَرَءُوفٞ رَّحِيمٞ
2,البقرة,267,0.689,new_dp_only,6837.51,6857.24,19.73,29,267,267/286,93.4,يَٰٓأَيُّهَا ٱلَّذِينَ ءَامَنُوٓاْ أَنفِقُواْ مِن طَيِّبَٰتِ مَا كَسَبۡتُمۡ وَمِمَّآ أَخۡرَجۡنَا لَكُم مِّنَ ٱلۡأَرۡضِۖ وَلَا تَيَمَّمُواْ ٱلۡخَبِيثَ مِنۡهُ تُنفِقُونَ وَلَسۡتُم بِـَٔاخِذِيهِ إِلَّآ أَن تُغۡمِضُواْ فِيهِۚ وَٱعۡلَمُوٓاْ أَنَّ ٱللَّهَ غَنِيٌّ حَمِيدٌ
4,النساء,93,0.689,new_dp,2572.86,2605.72,32.86,16,150,93/176,52.8,وَمَن يَقۡتُلۡ مُؤۡمِنٗا مُّتَعَمِّدٗا فَجَزَآؤُهُۥ جَهَنَّمُ خَٰلِدٗا فِيهَا وَغَضِبَ ٱللَّهُ عَلَيۡهِ وَلَعَنَهُۥ وَأَعَدَّ لَهُۥ عَذَابًا عَظِيمٗا
12,يوسف,37,0.691,old,705.49,760.49,55.0,26,241,37/111,33.3,قَالَ لَا يَأۡتِيكُمَا طَعَامٞ تُرۡزَقَانِهِۦٓ إِلَّا نَبَّأۡتُكُمَا بِتَأۡوِيلِهِۦ قَبۡلَ أَن يَأۡتِيَكُمَاۚ ذَٰلِكُمَا مِمَّا عَلَّمَنِي رَبِّيٓۚ إِنِّي تَرَكۡتُ مِلَّةَ قَوۡمٖ لَّا يُؤۡمِنُونَ بِٱللَّهِ وَهُم بِٱلۡأٓخِرَةِ هُمۡ كَٰفِرُونَ
2,البقرة,283,0.694,new_dp_only,7331.47,7390.05,58.58,33,301,283/286,99.0,۞ وَإِن كُنتُمۡ عَلَىٰ سَفَرٖ وَلَمۡ تَجِدُواْ كَاتِبٗا فَرِهَٰنٞ مَّقۡبُوضَةٞۖ فَإِنۡ أَمِنَ بَعۡضُكُم بَعۡضٗا فَلۡيُؤَدِّ ٱلَّذِي ٱؤۡتُمِنَ أَمَٰنَتَهُۥ وَلۡيَتَّقِ ٱللَّهَ رَبَّهُۥۗ وَلَا تَكۡتُمُواْ ٱلشَّهَٰدَةَۚ وَمَن يَكۡتُمۡهَا فَإِنَّهُۥٓ ءَاثِمٞ قَلۡبُهُۥۗ وَٱللَّهُ بِمَا تَعۡمَلُونَ عَلِيمٞ
5,المائدة,46,0.697,new_dp,1492.65,1508.25,15.6,26,249,46/120,38.3,وَقَفَّيۡنَا عَلَىٰٓ ءَاثَٰرِهِم بِعِيسَى ٱبۡنِ مَرۡيَمَ مُصَدِّقٗا لِّمَا بَيۡنَ يَدَيۡهِ مِنَ ٱلتَّوۡرَىٰةِۖ وَءَاتَيۡنَٰهُ ٱلۡإِنجِيلَ فِيهِ هُدٗى وَنُورٞ وَمُصَدِّقٗا لِّمَا بَيۡنَ يَدَيۡهِ مِنَ ٱلتَّوۡرَىٰةِ وَهُدٗى وَمَوۡعِظَةٗ لِّلۡمُتَّقِينَ
2,البقرة,108,0.698,new_dp,2340.36,2373.45,33.09,18,152,108/286,37.8,أَمۡ تُرِيدُونَ أَن تَسۡـَٔلُواْ رَسُولَكُمۡ كَمَا سُئِلَ مُوسَىٰ مِن قَبۡلُۗ وَمَن يَتَبَدَّلِ ٱلۡكُفۡرَ بِٱلۡإِيمَٰنِ فَقَدۡ ضَلَّ سَوَآءَ ٱلسَّبِيلِ
2,البقرة,90,0.699,new_dp,1879.54,1933.93,54.39,27,228,90/286,31.5,بِئۡسَمَا ٱشۡتَرَوۡاْ بِهِۦٓ أَنفُسَهُمۡ أَن يَكۡفُرُواْ بِمَآ أَنزَلَ ٱللَّهُ بَغۡيًا أَن يُنَزِّلَ ٱللَّهُ مِن فَضۡلِهِۦ عَلَىٰ مَن يَشَآءُ مِنۡ عِبَادِهِۦۖ فَبَآءُو بِغَضَبٍ عَلَىٰ غَضَبٖۚ وَلِلۡكَٰفِرِينَ عَذَابٞ مُّهِينٞ
2,البقرة,119,0.699,old,2602.1000000000004,2610.29,8.19,10,95,119/286,41.6,إِنَّآ أَرۡسَلۡنَٰكَ بِٱلۡحَقِّ بَشِيرٗا وَنَذِيرٗاۖ وَلَا تُسۡـَٔلُ عَنۡ أَصۡحَٰبِ ٱلۡجَحِيمِ
37,الصافات,152,0.7,new_dp,1022.39,1030.98,8.59,4,39,152/182,83.5,وَلَدَ ٱللَّهُ وَإِنَّهُمۡ لَكَٰذِبُونَ
2,البقرة,185,0.709,old,4191.08,4235.110000000001,44.03,44,396,185/286,64.7,شَهۡرُ رَمَضَانَ ٱلَّذِيٓ أُنزِلَ فِيهِ ٱلۡقُرۡءَانُ هُدٗى لِّلنَّاسِ وَبَيِّنَٰتٖ مِّنَ ٱلۡهُدَىٰ وَٱلۡفُرۡقَانِۚ فَمَن شَهِدَ مِنكُمُ ٱلشَّهۡرَ فَلۡيَصُمۡهُۖ وَمَن كَانَ مَرِيضًا أَوۡ عَلَىٰ سَفَرٖ فَعِدَّةٞ مِّنۡ أَيَّامٍ أُخَرَۗ يُرِيدُ ٱللَّهُ بِكُمُ ٱلۡيُسۡرَ وَلَا يُرِيدُ بِكُمُ ٱلۡعُسۡرَ وَلِتُكۡمِلُواْ ٱلۡعِدَّةَ وَلِتُكَبِّرُواْ ٱللَّهَ عَلَىٰ مَا هَدَىٰكُمۡ وَلَعَلَّكُمۡ تَشۡكُرُونَ
8,الأنفال,72,0.71,new_dp,1404.8,1446.37,41.57,45,438,72/75,96.0,إِنَّ ٱلَّذِينَ ءَامَنُواْ وَهَاجَرُواْ وَجَٰهَدُواْ بِأَمۡوَٰلِهِمۡ وَأَنفُسِهِمۡ فِي سَبِيلِ ٱللَّهِ وَٱلَّذِينَ ءَاوَواْ وَّنَصَرُوٓاْ أُوْلَٰٓئِكَ بَعۡضُهُمۡ أَوۡلِيَآءُ بَعۡضٖۚ وَٱلَّذِينَ ءَامَنُواْ وَلَمۡ يُهَاجِرُواْ مَا لَكُم مِّن وَلَٰيَتِهِم مِّن شَيۡءٍ حَتَّىٰ يُهَاجِرُواْۚ وَإِنِ ٱسۡتَنصَرُوكُمۡ فِي ٱلدِّينِ فَعَلَيۡكُمُ ٱلنَّصۡرُ إِلَّا عَلَىٰ قَوۡمِۭ بَيۡنَكُمۡ وَبَيۡنَهُم مِّيثَٰقٞۗ وَٱللَّهُ بِمَا تَعۡمَلُونَ بَصِيرٞ
42,الشورى,12,0.71,new_dp_only,188.05,218.92,30.87,13,121,12/53,22.6,لَهُۥ مَقَالِيدُ ٱلسَّمَٰوَٰتِ وَٱلۡأَرۡضِۖ يَبۡسُطُ ٱلرِّزۡقَ لِمَن يَشَآءُ وَيَقۡدِرُۚ إِنَّهُۥ بِكُلِّ شَيۡءٍ عَلِيمٞ
26,الشعراء,227,0.716,new_dp,1704.6,1722.72,18.12,19,186,227/227,100.0,إِلَّا ٱلَّذِينَ ءَامَنُواْ وَعَمِلُواْ ٱلصَّٰلِحَٰتِ وَذَكَرُواْ ٱللَّهَ كَثِيرٗا وَٱنتَصَرُواْ مِنۢ بَعۡدِ مَا ظُلِمُواْۗ وَسَيَعۡلَمُ ٱلَّذِينَ ظَلَمُوٓاْ أَيَّ مُنقَلَبٖ يَنقَلِبُونَ
57,الحديد,20,0.716,old,409.56,465.99,56.43,39,376,20/29,69.0,ٱعۡلَمُوٓاْ أَنَّمَا ٱلۡحَيَوٰةُ ٱلدُّنۡيَا لَعِبٞ وَلَهۡوٞ وَزِينَةٞ وَتَفَاخُرُۢ بَيۡنَكُمۡ وَتَكَاثُرٞ فِي ٱلۡأَمۡوَٰلِ وَٱلۡأَوۡلَٰدِۖ كَمَثَلِ غَيۡثٍ أَعۡجَبَ ٱلۡكُفَّارَ نَبَاتُهُۥ ثُمَّ يَهِيجُ فَتَرَىٰهُ مُصۡفَرّٗا ثُمَّ يَكُونُ حُطَٰمٗاۖ وَفِي ٱلۡأٓخِرَةِ عَذَابٞ شَدِيدٞ وَمَغۡفِرَةٞ مِّنَ ٱللَّهِ وَرِضۡوَٰنٞۚ وَمَا ٱلۡحَيَوٰةُ ٱلدُّنۡيَآ إِلَّا مَتَٰعُ ٱلۡغُرُورِ
11,هود,1,0.723,new_dp,0.24,23.5,23.26,10,80,1/123,0.8,الٓرۚ كِتَٰبٌ أُحۡكِمَتۡ ءَايَٰتُهُۥ ثُمَّ فُصِّلَتۡ مِن لَّدُنۡ حَكِيمٍ خَبِيرٍ
2,البقرة,236,0.726,new_dp_only,5764.97,5815.65,50.68,25,237,236/286,82.5,لَّا جُنَاحَ عَلَيۡكُمۡ إِن طَلَّقۡتُمُ ٱلنِّسَآءَ مَا لَمۡ تَمَسُّوهُنَّ أَوۡ تَفۡرِضُواْ لَهُنَّ فَرِيضَةٗۚ وَمَتِّعُوهُنَّ عَلَى ٱلۡمُوسِعِ قَدَرُهُۥ وَعَلَى ٱلۡمُقۡتِرِ قَدَرُهُۥ مَتَٰعَۢا بِٱلۡمَعۡرُوفِۖ حَقًّا عَلَى ٱلۡمُحۡسِنِينَ
16,النحل,80,0.731,new_dp,1406.22,1455.71,49.49,25,241,80/128,62.5,وَٱللَّهُ جَعَلَ لَكُم مِّنۢ بُيُوتِكُمۡ سَكَنٗا وَجَعَلَ لَكُم مِّن جُلُودِ ٱلۡأَنۡعَٰمِ بُيُوتٗا تَسۡتَخِفُّونَهَا يَوۡمَ ظَعۡنِكُمۡ وَيَوۡمَ إِقَامَتِكُمۡ وَمِنۡ أَصۡوَافِهَا وَأَوۡبَارِهَا وَأَشۡعَارِهَآ أَثَٰثٗا وَمَتَٰعًا إِلَىٰ حِينٖ
2,البقرة,102,0.732,old,2163.1899999999996,2244.94,81.75,74,662,102/286,35.7,وَٱتَّبَعُواْ مَا تَتۡلُواْ ٱلشَّيَٰطِينُ عَلَىٰ مُلۡكِ سُلَيۡمَٰنَۖ وَمَا كَفَرَ سُلَيۡمَٰنُ وَلَٰكِنَّ ٱلشَّيَٰطِينَ كَفَرُواْ يُعَلِّمُونَ ٱلنَّاسَ ٱلسِّحۡرَ وَمَآ أُنزِلَ عَلَى ٱلۡمَلَكَيۡنِ بِبَابِلَ هَٰرُوتَ وَمَٰرُوتَۚ وَمَا يُعَلِّمَانِ مِنۡ أَحَدٍ حَتَّىٰ يَقُولَآ إِنَّمَا نَحۡنُ فِتۡنَةٞ فَلَا تَكۡفُرۡۖ فَيَتَعَلَّمُونَ مِنۡهُمَا مَا يُفَرِّقُونَ بِهِۦ بَيۡنَ ٱلۡمَرۡءِ وَزَوۡجِهِۦۚ وَمَا هُم بِضَآرِّينَ بِهِۦ مِنۡ أَحَدٍ إِلَّا بِإِذۡنِ ٱللَّهِۚ وَيَتَعَلَّمُونَ مَا يَضُرُّهُمۡ وَلَا يَنفَعُهُمۡۚ وَلَقَدۡ عَلِمُواْ لَمَنِ ٱشۡتَرَىٰهُ مَا لَهُۥ فِي ٱلۡأٓخِرَةِ مِنۡ خَلَٰقٖۚ وَلَبِئۡسَ مَا شَرَوۡاْ بِهِۦٓ أَنفُسَهُمۡۚ لَوۡ كَانُواْ يَعۡلَمُونَ
2,البقرة,255,0.732,new_dp_only,6354.37,6393.24,38.87,50,416,255/286,89.2,ٱللَّهُ لَآ إِلَٰهَ إِلَّا هُوَ ٱلۡحَيُّ ٱلۡقَيُّومُۚ لَا تَأۡخُذُهُۥ سِنَةٞ وَلَا نَوۡمٞۚ لَّهُۥ مَا فِي ٱلسَّمَٰوَٰتِ وَمَا فِي ٱلۡأَرۡضِۗ مَن ذَا ٱلَّذِي يَشۡفَعُ عِندَهُۥٓ إِلَّا بِإِذۡنِهِۦۚ يَعۡلَمُ مَا بَيۡنَ أَيۡدِيهِمۡ وَمَا خَلۡفَهُمۡۖ وَلَا يُحِيطُونَ بِشَيۡءٖ مِّنۡ عِلۡمِهِۦٓ إِلَّا بِمَا شَآءَۚ وَسِعَ كُرۡسِيُّهُ ٱلسَّمَٰوَٰتِ وَٱلۡأَرۡضَۖ وَلَا يَـُٔودُهُۥ حِفۡظُهُمَاۚ وَهُوَ ٱلۡعَلِيُّ ٱلۡعَظِيمُ
98,البينة,8,0.732,new_dp,84.06,98.28,14.22,21,181,8/8,100.0,جَزَآؤُهُمۡ عِندَ رَبِّهِمۡ جَنَّٰتُ عَدۡنٖ تَجۡرِي مِن تَحۡتِهَا ٱلۡأَنۡهَٰرُ خَٰلِدِينَ فِيهَآ أَبَدٗاۖ رَّضِيَ ٱللَّهُ عَنۡهُمۡ وَرَضُواْ عَنۡهُۚ ذَٰلِكَ لِمَنۡ خَشِيَ رَبَّهُۥ
2,البقرة,259,0.74,new_dp_only,6507.61,6560.27,52.66,67,547,259/286,90.6,أَوۡ كَٱلَّذِي مَرَّ عَلَىٰ قَرۡيَةٖ وَهِيَ خَاوِيَةٌ عَلَىٰ عُرُوشِهَا قَالَ أَنَّىٰ يُحۡيِۦ هَٰذِهِ ٱللَّهُ بَعۡدَ مَوۡتِهَاۖ فَأَمَاتَهُ ٱللَّهُ مِاْئَةَ عَامٖ ثُمَّ بَعَثَهُۥۖ قَالَ كَمۡ لَبِثۡتَۖ قَالَ لَبِثۡتُ يَوۡمًا أَوۡ بَعۡضَ يَوۡمٖۖ قَالَ بَل لَّبِثۡتَ مِاْئَةَ عَامٖ فَٱنظُرۡ إِلَىٰ طَعَامِكَ وَشَرَابِكَ لَمۡ يَتَسَنَّهۡۖ وَٱنظُرۡ إِلَىٰ حِمَارِكَ وَلِنَجۡعَلَكَ ءَايَةٗ لِّلنَّاسِۖ وَٱنظُرۡ إِلَى ٱلۡعِظَامِ كَيۡفَ نُنشِزُهَا ثُمَّ نَكۡسُوهَا لَحۡمٗاۚ فَلَمَّا تَبَيَّنَ لَهُۥ قَالَ أَعۡلَمُ أَنَّ ٱللَّهَ عَلَىٰ كُلِّ شَيۡءٖ قَدِيرٞ
5,المائدة,89,0.743,old,2615.99,2668.25,52.26,45,442,89/120,74.2,لَا يُؤَاخِذُكُمُ ٱللَّهُ بِٱللَّغۡوِ فِيٓ أَيۡمَٰنِكُمۡ وَلَٰكِن يُؤَاخِذُكُم بِمَا عَقَّدتُّمُ ٱلۡأَيۡمَٰنَۖ فَكَفَّٰرَتُهُۥٓ إِطۡعَامُ عَشَرَةِ مَسَٰكِينَ مِنۡ أَوۡسَطِ مَا تُطۡعِمُونَ أَهۡلِيكُمۡ أَوۡ كِسۡوَتُهُمۡ أَوۡ تَحۡرِيرُ رَقَبَةٖۖ فَمَن لَّمۡ يَجِدۡ فَصِيَامُ ثَلَٰثَةِ أَيَّامٖۚ ذَٰلِكَ كَفَّٰرَةُ أَيۡمَٰنِكُمۡ إِذَا حَلَفۡتُمۡۚ وَٱحۡفَظُوٓاْ أَيۡمَٰنَكُمۡۚ كَذَٰلِكَ يُبَيِّنُ ٱللَّهُ لَكُمۡ ءَايَٰتِهِۦ لَعَلَّكُمۡ تَشۡكُرُونَ
2,البقرة,91,0.745,new_dp,1934.91,1956.44,21.53,30,253,91/286,31.8,وَإِذَا قِيلَ لَهُمۡ ءَامِنُواْ بِمَآ أَنزَلَ ٱللَّهُ قَالُواْ نُؤۡمِنُ بِمَآ أُنزِلَ عَلَيۡنَا وَيَكۡفُرُونَ بِمَا وَرَآءَهُۥ وَهُوَ ٱلۡحَقُّ مُصَدِّقٗا لِّمَا مَعَهُمۡۗ قُلۡ فَلِمَ تَقۡتُلُونَ أَنۢبِيَآءَ ٱللَّهِ مِن قَبۡلُ إِن كُنتُم مُّؤۡمِنِينَ
59,الحشر,7,0.748,old,153.85999999999999,200.11,46.25,37,345,7/24,29.2,مَّآ أَفَآءَ ٱللَّهُ عَلَىٰ رَسُولِهِۦ مِنۡ أَهۡلِ ٱلۡقُرَىٰ فَلِلَّهِ وَلِلرَّسُولِ وَلِذِي ٱلۡقُرۡبَىٰ وَٱلۡيَتَٰمَىٰ وَٱلۡمَسَٰكِينِ وَٱبۡنِ ٱلسَّبِيلِ كَيۡ لَا يَكُونَ دُولَةَۢ بَيۡنَ ٱلۡأَغۡنِيَآءِ مِنكُمۡۚ وَمَآ ءَاتَىٰكُمُ ٱلرَّسُولُ فَخُذُوهُ وَمَا نَهَىٰكُمۡ عَنۡهُ فَٱنتَهُواْۚ وَٱتَّقُواْ ٱللَّهَۖ إِنَّ ٱللَّهَ شَدِيدُ ٱلۡعِقَابِ
2,البقرة,262,0.757,new_dp_only,6642.07,6664.17,22.1,24,194,262/286,91.6,ٱلَّذِينَ يُنفِقُونَ أَمۡوَٰلَهُمۡ فِي سَبِيلِ ٱللَّهِ ثُمَّ لَا يُتۡبِعُونَ مَآ أَنفَقُواْ مَنّٗا وَلَآ أَذٗى لَّهُمۡ أَجۡرُهُمۡ عِندَ رَبِّهِمۡ وَلَا خَوۡفٌ عَلَيۡهِمۡ وَلَا هُمۡ يَحۡزَنُونَ
2,البقرة,261,0.758,new_dp_only,6601.33,6641.41,40.08,24,209,261/286,91.3,مَّثَلُ ٱلَّذِينَ يُنفِقُونَ أَمۡوَٰلَهُمۡ فِي سَبِيلِ ٱللَّهِ كَمَثَلِ حَبَّةٍ أَنۢبَتَتۡ سَبۡعَ سَنَابِلَ فِي كُلِّ سُنۢبُلَةٖ مِّاْئَةُ حَبَّةٖۗ وَٱللَّهُ يُضَٰعِفُ لِمَن يَشَآءُۚ وَٱللَّهُ وَٰسِعٌ عَلِيمٌ
7,الأعراف,189,0.76,new_dp,3717.36,3737.67,20.31,30,271,189/206,91.7,۞ هُوَ ٱلَّذِي خَلَقَكُم مِّن نَّفۡسٖ وَٰحِدَةٖ وَجَعَلَ مِنۡهَا زَوۡجَهَا لِيَسۡكُنَ إِلَيۡهَاۖ فَلَمَّا تَغَشَّىٰهَا حَمَلَتۡ حَمۡلًا خَفِيفٗا فَمَرَّتۡ بِهِۦۖ فَلَمَّآ أَثۡقَلَت دَّعَوَا ٱللَّهَ رَبَّهُمَا لَئِنۡ ءَاتَيۡتَنَا صَٰلِحٗا لَّنَكُونَنَّ مِنَ ٱلشَّٰكِرِينَ
35,فاطر,42,0.76,new_dp_only,845.51,878.61,33.1,19,175,42/45,93.3,وَأَقۡسَمُواْ بِٱللَّهِ جَهۡدَ أَيۡمَٰنِهِمۡ لَئِن جَآءَهُمۡ نَذِيرٞ لَّيَكُونُنَّ أَهۡدَىٰ مِنۡ إِحۡدَى ٱلۡأُمَمِۖ فَلَمَّا جَآءَهُمۡ نَذِيرٞ مَّا زَادَهُمۡ إِلَّا نُفُورًا
2,البقرة,213,0.762,old,4887.19,4935.6,48.41,49,445,213/286,74.5,كَانَ ٱلنَّاسُ أُمَّةٗ وَٰحِدَةٗ فَبَعَثَ ٱللَّهُ ٱلنَّبِيِّـۧنَ مُبَشِّرِينَ وَمُنذِرِينَ وَأَنزَلَ مَعَهُمُ ٱلۡكِتَٰبَ بِٱلۡحَقِّ لِيَحۡكُمَ بَيۡنَ ٱلنَّاسِ فِيمَا ٱخۡتَلَفُواْ فِيهِۚ وَمَا ٱخۡتَلَفَ فِيهِ إِلَّا ٱلَّذِينَ أُوتُوهُ مِنۢ بَعۡدِ مَا جَآءَتۡهُمُ ٱلۡبَيِّنَٰتُ بَغۡيَۢا بَيۡنَهُمۡۖ فَهَدَى ٱللَّهُ ٱلَّذِينَ ءَامَنُواْ لِمَا ٱخۡتَلَفُواْ فِيهِ مِنَ ٱلۡحَقِّ بِإِذۡنِهِۦۗ وَٱللَّهُ يَهۡدِي مَن يَشَآءُ إِلَىٰ صِرَٰطٖ مُّسۡتَقِيمٍ
7,الأعراف,150,0.762,new_dp,2821.34,2856.57,35.23,39,364,150/206,72.8,وَلَمَّا رَجَعَ مُوسَىٰٓ إِلَىٰ قَوۡمِهِۦ غَضۡبَٰنَ أَسِفٗا قَالَ بِئۡسَمَا خَلَفۡتُمُونِي مِنۢ بَعۡدِيٓۖ أَعَجِلۡتُمۡ أَمۡرَ رَبِّكُمۡۖ وَأَلۡقَى ٱلۡأَلۡوَاحَ وَأَخَذَ بِرَأۡسِ أَخِيهِ يَجُرُّهُۥٓ إِلَيۡهِۚ قَالَ ٱبۡنَ أُمَّ إِنَّ ٱلۡقَوۡمَ ٱسۡتَضۡعَفُونِي وَكَادُواْ يَقۡتُلُونَنِي فَلَا تُشۡمِتۡ بِيَ ٱلۡأَعۡدَآءَ وَلَا تَجۡعَلۡنِي مَعَ ٱلۡقَوۡمِ ٱلظَّٰلِمِينَ
48,الفتح,25,0.762,old,483.88,530.55,46.67,40,384,25/29,86.2,هُمُ ٱلَّذِينَ كَفَرُواْ وَصَدُّوكُمۡ عَنِ ٱلۡمَسۡجِدِ ٱلۡحَرَامِ وَٱلۡهَدۡيَ مَعۡكُوفًا أَن يَبۡلُغَ مَحِلَّهُۥۚ وَلَوۡلَا رِجَالٞ مُّؤۡمِنُونَ وَنِسَآءٞ مُّؤۡمِنَٰتٞ لَّمۡ تَعۡلَمُوهُمۡ أَن تَطَـُٔوهُمۡ فَتُصِيبَكُم مِّنۡهُم مَّعَرَّةُۢ بِغَيۡرِ عِلۡمٖۖ لِّيُدۡخِلَ ٱللَّهُ فِي رَحۡمَتِهِۦ مَن يَشَآءُۚ لَوۡ تَزَيَّلُواْ لَعَذَّبۡنَا ٱلَّذِينَ كَفَرُواْ مِنۡهُمۡ عَذَابًا أَلِيمًا
2,البقرة,246,0.763,new_dp_only,5984.85,6026.8,41.95,54,458,246/286,86.0,أَلَمۡ تَرَ إِلَى ٱلۡمَلَإِ مِنۢ بَنِيٓ إِسۡرَٰٓءِيلَ مِنۢ بَعۡدِ مُوسَىٰٓ إِذۡ قَالُواْ لِنَبِيّٖ لَّهُمُ ٱبۡعَثۡ لَنَا مَلِكٗا نُّقَٰتِلۡ فِي سَبِيلِ ٱللَّهِۖ قَالَ هَلۡ عَسَيۡتُمۡ إِن كُتِبَ عَلَيۡكُمُ ٱلۡقِتَالُ أَلَّا تُقَٰتِلُواْۖ قَالُواْ وَمَا لَنَآ أَلَّا نُقَٰتِلَ فِي سَبِيلِ ٱللَّهِ وَقَدۡ أُخۡرِجۡنَا مِن دِيَٰرِنَا وَأَبۡنَآئِنَاۖ فَلَمَّا كُتِبَ عَلَيۡهِمُ ٱلۡقِتَالُ تَوَلَّوۡاْ إِلَّا قَلِيلٗا مِّنۡهُمۡۚ وَٱللَّهُ عَلِيمُۢ بِٱلظَّٰلِمِينَ
66,التحريم,12,0.763,new_dp,334.77,346.44,11.67,17,164,12/12,100.0,وَمَرۡيَمَ ٱبۡنَتَ عِمۡرَٰنَ ٱلَّتِيٓ أَحۡصَنَتۡ فَرۡجَهَا فَنَفَخۡنَا فِيهِ مِن رُّوحِنَا وَصَدَّقَتۡ بِكَلِمَٰتِ رَبِّهَا وَكُتُبِهِۦ وَكَانَتۡ مِنَ ٱلۡقَٰنِتِينَ
4,النساء,43,0.766,old,1276.75,1347.78,71.03,48,431,43/176,24.4,يَٰٓأَيُّهَا ٱلَّذِينَ ءَامَنُواْ لَا تَقۡرَبُواْ ٱلصَّلَوٰةَ وَأَنتُمۡ سُكَٰرَىٰ حَتَّىٰ تَعۡلَمُواْ مَا تَقُولُونَ وَلَا جُنُبًا إِلَّا عَابِرِي سَبِيلٍ حَتَّىٰ تَغۡتَسِلُواْۚ وَإِن كُنتُم مَّرۡضَىٰٓ أَوۡ عَلَىٰ سَفَرٍ أَوۡ جَآءَ أَحَدٞ مِّنكُم مِّنَ ٱلۡغَآئِطِ أَوۡ لَٰمَسۡتُمُ ٱلنِّسَآءَ فَلَمۡ تَجِدُواْ مَآءٗ فَتَيَمَّمُواْ صَعِيدٗا طَيِّبٗا فَٱمۡسَحُواْ بِوُجُوهِكُمۡ وَأَيۡدِيكُمۡۗ إِنَّ ٱللَّهَ كَانَ عَفُوًّا غَفُورًا
5,المائدة,95,0.766,old,2804.96,2874.94,69.98,50,421,95/120,79.2,يَٰٓأَيُّهَا ٱلَّذِينَ ءَامَنُواْ لَا تَقۡتُلُواْ ٱلصَّيۡدَ وَأَنتُمۡ حُرُمٞۚ وَمَن قَتَلَهُۥ مِنكُم مُّتَعَمِّدٗا فَجَزَآءٞ مِّثۡلُ مَا قَتَلَ مِنَ ٱلنَّعَمِ يَحۡكُمُ بِهِۦ ذَوَا عَدۡلٖ مِّنكُمۡ هَدۡيَۢا بَٰلِغَ ٱلۡكَعۡبَةِ أَوۡ كَفَّٰرَةٞ طَعَامُ مَسَٰكِينَ أَوۡ عَدۡلُ ذَٰلِكَ صِيَامٗا لِّيَذُوقَ وَبَالَ أَمۡرِهِۦۗ عَفَا ٱللَّهُ عَمَّا سَلَفَۚ وَمَنۡ عَادَ فَيَنتَقِمُ ٱللَّهُ مِنۡهُۚ وَٱللَّهُ عَزِيزٞ ذُو ٱنتِقَامٍ
27,النمل,84,0.766,new_dp_only,1393.23,1417.62,24.39,13,116,84/93,90.3,حَتَّىٰٓ إِذَا جَآءُو قَالَ أَكَذَّبۡتُم بِـَٔايَٰتِي وَلَمۡ تُحِيطُواْ بِهَا عِلۡمًا أَمَّاذَا كُنتُمۡ تَعۡمَلُونَ
6,الأنعام,165,0.768,new_dp,3724.1,3738.48,14.38,21,192,165/165,100.0,وَهُوَ ٱلَّذِي جَعَلَكُمۡ خَلَٰٓئِفَ ٱلۡأَرۡضِ وَرَفَعَ بَعۡضَكُمۡ فَوۡقَ بَعۡضٖ دَرَجَٰتٖ لِّيَبۡلُوَكُمۡ فِي مَآ ءَاتَىٰكُمۡۗ إِنَّ رَبَّكَ سَرِيعُ ٱلۡعِقَابِ وَإِنَّهُۥ لَغَفُورٞ رَّحِيمُۢ
27,النمل,60,0.769,new_dp_only,1003.89,1056.87,52.98,27,227,60/93,64.5,أَمَّنۡ خَلَقَ ٱلسَّمَٰوَٰتِ وَٱلۡأَرۡضَ وَأَنزَلَ لَكُم مِّنَ ٱلسَّمَآءِ مَآءٗ فَأَنۢبَتۡنَا بِهِۦ حَدَآئِقَ ذَاتَ بَهۡجَةٖ مَّا كَانَ لَكُمۡ أَن تُنۢبِتُواْ شَجَرَهَآۗ أَءِلَٰهٞ مَّعَ ٱللَّهِۚ بَلۡ هُمۡ قَوۡمٞ يَعۡدِلُونَ
2,البقرة,245,0.77,new_dp_only,5955.21,5984.18,28.97,16,147,245/286,85.7,مَّن ذَا ٱلَّذِي يُقۡرِضُ ٱللَّهَ قَرۡضًا حَسَنٗا فَيُضَٰعِفَهُۥ لَهُۥٓ أَضۡعَافٗا كَثِيرَةٗۚ وَٱللَّهُ يَقۡبِضُ وَيَبۡصُۜطُ وَإِلَيۡهِ تُرۡجَعُونَ
9,التوبة,40,0.77,old,964.9300000000001,1011.74,46.81,43,373,40/129,31.0,إِلَّا تَنصُرُوهُ فَقَدۡ نَصَرَهُ ٱللَّهُ إِذۡ أَخۡرَجَهُ ٱلَّذِينَ كَفَرُواْ ثَانِيَ ٱثۡنَيۡنِ إِذۡ هُمَا فِي ٱلۡغَارِ إِذۡ يَقُولُ لِصَٰحِبِهِۦ لَا تَحۡزَنۡ إِنَّ ٱللَّهَ مَعَنَاۖ فَأَنزَلَ ٱللَّهُ سَكِينَتَهُۥ عَلَيۡهِ وَأَيَّدَهُۥ بِجُنُودٖ لَّمۡ تَرَوۡهَا وَجَعَلَ كَلِمَةَ ٱلَّذِينَ كَفَرُواْ ٱلسُّفۡلَىٰۗ وَكَلِمَةُ ٱللَّهِ هِيَ ٱلۡعُلۡيَاۗ وَٱللَّهُ عَزِيزٌ حَكِيمٌ
2,البقرة,253,0.771,new_dp_only,6254.1,6324.25,70.15,53,454,253/286,88.5,۞ تِلۡكَ ٱلرُّسُلُ فَضَّلۡنَا بَعۡضَهُمۡ عَلَىٰ بَعۡضٖۘ مِّنۡهُم مَّن كَلَّمَ ٱللَّهُۖ وَرَفَعَ بَعۡضَهُمۡ دَرَجَٰتٖۚ وَءَاتَيۡنَا عِيسَى ٱبۡنَ مَرۡيَمَ ٱلۡبَيِّنَٰتِ وَأَيَّدۡنَٰهُ بِرُوحِ ٱلۡقُدُسِۗ وَلَوۡ شَآءَ ٱللَّهُ مَا ٱقۡتَتَلَ ٱلَّذِينَ مِنۢ بَعۡدِهِم مِّنۢ بَعۡدِ مَا جَآءَتۡهُمُ ٱلۡبَيِّنَٰتُ وَلَٰكِنِ ٱخۡتَلَفُواْ فَمِنۡهُم مَّنۡ ءَامَنَ وَمِنۡهُم مَّن كَفَرَۚ وَلَوۡ شَآءَ ٱللَّهُ مَا ٱقۡتَتَلُواْ وَلَٰكِنَّ ٱللَّهَ يَفۡعَلُ مَا يُرِيدُ
4,النساء,24,0.772,new_dp,788.88,855.57,66.69,43,394,24/176,13.6,۞ وَٱلۡمُحۡصَنَٰتُ مِنَ ٱلنِّسَآءِ إِلَّا مَا مَلَكَتۡ أَيۡمَٰنُكُمۡۖ كِتَٰبَ ٱللَّهِ عَلَيۡكُمۡۚ وَأُحِلَّ لَكُم مَّا وَرَآءَ ذَٰلِكُمۡ أَن تَبۡتَغُواْ بِأَمۡوَٰلِكُم مُّحۡصِنِينَ غَيۡرَ مُسَٰفِحِينَۚ فَمَا ٱسۡتَمۡتَعۡتُم بِهِۦ مِنۡهُنَّ فَـَٔاتُوهُنَّ أُجُورَهُنَّ فَرِيضَةٗۚ وَلَا جُنَاحَ عَلَيۡكُمۡ فِيمَا تَرَٰضَيۡتُم بِهِۦ مِنۢ بَعۡدِ ٱلۡفَرِيضَةِۚ إِنَّ ٱللَّهَ كَانَ عَلِيمًا حَكِيمٗا
27,النمل,61,0.773,new_dp_only,1057.76,1074.63,16.87,21,188,61/93,65.6,أَمَّن جَعَلَ ٱلۡأَرۡضَ قَرَارٗا وَجَعَلَ خِلَٰلَهَآ أَنۡهَٰرٗا وَجَعَلَ لَهَا رَوَٰسِيَ وَجَعَلَ بَيۡنَ ٱلۡبَحۡرَيۡنِ حَاجِزًاۗ أَءِلَٰهٞ مَّعَ ٱللَّهِۚ بَلۡ أَكۡثَرُهُمۡ لَا يَعۡلَمُونَ
60,الممتحنة,12,0.774,old,411.63,476.92,65.29,38,367,12/13,92.3,يَٰٓأَيُّهَا ٱلنَّبِيُّ إِذَا جَآءَكَ ٱلۡمُؤۡمِنَٰتُ يُبَايِعۡنَكَ عَلَىٰٓ أَن لَّا يُشۡرِكۡنَ بِٱللَّهِ شَيۡـٔٗا وَلَا يَسۡرِقۡنَ وَلَا يَزۡنِينَ وَلَا يَقۡتُلۡنَ أَوۡلَٰدَهُنَّ وَلَا يَأۡتِينَ بِبُهۡتَٰنٖ يَفۡتَرِينَهُۥ بَيۡنَ أَيۡدِيهِنَّ وَأَرۡجُلِهِنَّ وَلَا يَعۡصِينَكَ فِي مَعۡرُوفٖ فَبَايِعۡهُنَّ وَٱسۡتَغۡفِرۡ لَهُنَّ ٱللَّهَۚ إِنَّ ٱللَّهَ غَفُورٞ رَّحِيمٞ
2,البقرة,178,0.776,new_dp,4040.73,4073.12,32.39,37,352,178/286,62.2,يَٰٓأَيُّهَا ٱلَّذِينَ ءَامَنُواْ كُتِبَ عَلَيۡكُمُ ٱلۡقِصَاصُ فِي ٱلۡقَتۡلَىۖ ٱلۡحُرُّ بِٱلۡحُرِّ وَٱلۡعَبۡدُ بِٱلۡعَبۡدِ وَٱلۡأُنثَىٰ بِٱلۡأُنثَىٰۚ فَمَنۡ عُفِيَ لَهُۥ مِنۡ أَخِيهِ شَيۡءٞ فَٱتِّبَاعُۢ بِٱلۡمَعۡرُوفِ وَأَدَآءٌ إِلَيۡهِ بِإِحۡسَٰنٖۗ ذَٰلِكَ تَخۡفِيفٞ مِّن رَّبِّكُمۡ وَرَحۡمَةٞۗ فَمَنِ ٱعۡتَدَىٰ بَعۡدَ ذَٰلِكَ فَلَهُۥ عَذَابٌ أَلِيمٞ
9,التوبة,94,0.777,new_dp,2219.25,2252.64,33.39,30,281,94/129,72.9,يَعۡتَذِرُونَ إِلَيۡكُمۡ إِذَا رَجَعۡتُمۡ إِلَيۡهِمۡۚ قُل لَّا تَعۡتَذِرُواْ لَن نُّؤۡمِنَ لَكُمۡ قَدۡ نَبَّأَنَا ٱللَّهُ مِنۡ أَخۡبَارِكُمۡۚ وَسَيَرَى ٱللَّهُ عَمَلَكُمۡ وَرَسُولُهُۥ ثُمَّ تُرَدُّونَ إِلَىٰ عَٰلِمِ ٱلۡغَيۡبِ وَٱلشَّهَٰدَةِ فَيُنَبِّئُكُم بِمَا كُنتُمۡ تَعۡمَلُونَ
2,البقرة,165,0.778,new_dp,3682.59,3704.59,22.0,31,266,165/286,57.7,وَمِنَ ٱلنَّاسِ مَن يَتَّخِذُ مِن دُونِ ٱللَّهِ أَندَادٗا يُحِبُّونَهُمۡ كَحُبِّ ٱللَّهِۖ وَٱلَّذِينَ ءَامَنُوٓاْ أَشَدُّ حُبّٗا لِّلَّهِۗ وَلَوۡ يَرَى ٱلَّذِينَ ظَلَمُوٓاْ إِذۡ يَرَوۡنَ ٱلۡعَذَابَ أَنَّ ٱلۡقُوَّةَ لِلَّهِ جَمِيعٗا وَأَنَّ ٱللَّهَ شَدِيدُ ٱلۡعَذَابِ
9,التوبة,68,0.779,old,1573.46,1601.75,28.29,16,162,68/129,52.7,وَعَدَ ٱللَّهُ ٱلۡمُنَٰفِقِينَ وَٱلۡمُنَٰفِقَٰتِ وَٱلۡكُفَّارَ نَارَ جَهَنَّمَ خَٰلِدِينَ فِيهَاۚ هِيَ حَسۡبُهُمۡۚ وَلَعَنَهُمُ ٱللَّهُۖ وَلَهُمۡ عَذَابٞ مُّقِيمٞ
13,الرعد,16,0.781,old,393.36,443.52000000000004,50.16,45,400,16/43,37.2,قُلۡ مَن رَّبُّ ٱلسَّمَٰوَٰتِ وَٱلۡأَرۡضِ قُلِ ٱللَّهُۚ قُلۡ أَفَٱتَّخَذۡتُم مِّن دُونِهِۦٓ أَوۡلِيَآءَ لَا يَمۡلِكُونَ لِأَنفُسِهِمۡ نَفۡعٗا وَلَا ضَرّٗاۚ قُلۡ هَلۡ يَسۡتَوِي ٱلۡأَعۡمَىٰ وَٱلۡبَصِيرُ أَمۡ هَلۡ تَسۡتَوِي ٱلظُّلُمَٰتُ وَٱلنُّورُۗ أَمۡ جَعَلُواْ لِلَّهِ شُرَكَآءَ خَلَقُواْ كَخَلۡقِهِۦ فَتَشَٰبَهَ ٱلۡخَلۡقُ عَلَيۡهِمۡۚ قُلِ ٱللَّهُ خَٰلِقُ كُلِّ شَيۡءٖ وَهُوَ ٱلۡوَٰحِدُ ٱلۡقَهَّٰرُ
31,لقمان,34,0.785,new_dp,607.28,624.58,17.3,27,217,34/34,100.0,إِنَّ ٱللَّهَ عِندَهُۥ عِلۡمُ ٱلسَّاعَةِ وَيُنَزِّلُ ٱلۡغَيۡثَ وَيَعۡلَمُ مَا فِي ٱلۡأَرۡحَامِۖ وَمَا تَدۡرِي نَفۡسٞ مَّاذَا تَكۡسِبُ غَدٗاۖ وَمَا تَدۡرِي نَفۡسُۢ بِأَيِّ أَرۡضٖ تَمُوتُۚ إِنَّ ٱللَّهَ عَلِيمٌ خَبِيرُۢ
4,النساء,102,0.788,old,2808.2799999999997,2882.1600000000003,73.88,62,604,102/176,58.0,وَإِذَا كُنتَ فِيهِمۡ فَأَقَمۡتَ لَهُمُ ٱلصَّلَوٰةَ فَلۡتَقُمۡ طَآئِفَةٞ مِّنۡهُم مَّعَكَ وَلۡيَأۡخُذُوٓاْ أَسۡلِحَتَهُمۡۖ فَإِذَا سَجَدُواْ فَلۡيَكُونُواْ مِن وَرَآئِكُمۡ وَلۡتَأۡتِ طَآئِفَةٌ أُخۡرَىٰ لَمۡ يُصَلُّواْ فَلۡيُصَلُّواْ مَعَكَ وَلۡيَأۡخُذُواْ حِذۡرَهُمۡ وَأَسۡلِحَتَهُمۡۗ وَدَّ ٱلَّذِينَ كَفَرُواْ لَوۡ تَغۡفُلُونَ عَنۡ أَسۡلِحَتِكُمۡ وَأَمۡتِعَتِكُمۡ فَيَمِيلُونَ عَلَيۡكُم مَّيۡلَةٗ وَٰحِدَةٗۚ وَلَا جُنَاحَ عَلَيۡكُمۡ إِن كَانَ بِكُمۡ أَذٗى مِّن مَّطَرٍ أَوۡ كُنتُم مَّرۡضَىٰٓ أَن تَضَعُوٓاْ أَسۡلِحَتَكُمۡۖ وَخُذُواْ حِذۡرَكُمۡۗ إِنَّ ٱللَّهَ أَعَدَّ لِلۡكَٰفِرِينَ عَذَابٗا مُّهِينٗا
57,الحديد,29,0.789,new_dp,710.28,724.14,13.86,22,181,29/29,100.0,لِّئَلَّا يَعۡلَمَ أَهۡلُ ٱلۡكِتَٰبِ أَلَّا يَقۡدِرُونَ عَلَىٰ شَيۡءٖ مِّن فَضۡلِ ٱللَّهِ وَأَنَّ ٱلۡفَضۡلَ بِيَدِ ٱللَّهِ يُؤۡتِيهِ مَن يَشَآءُۚ وَٱللَّهُ ذُو ٱلۡفَضۡلِ ٱلۡعَظِيمِ
7,الأعراف,38,0.791,old,667.0300000000001,700.49,33.46,40,347,38/206,18.4,قَالَ ٱدۡخُلُواْ فِيٓ أُمَمٖ قَدۡ خَلَتۡ مِن قَبۡلِكُم مِّنَ ٱلۡجِنِّ وَٱلۡإِنسِ فِي ٱلنَّارِۖ كُلَّمَا دَخَلَتۡ أُمَّةٞ لَّعَنَتۡ أُخۡتَهَاۖ حَتَّىٰٓ إِذَا ٱدَّارَكُواْ فِيهَا جَمِيعٗا قَالَتۡ أُخۡرَىٰهُمۡ لِأُولَىٰهُمۡ رَبَّنَا هَٰٓؤُلَآءِ أَضَلُّونَا فَـَٔاتِهِمۡ عَذَابٗا ضِعۡفٗا مِّنَ ٱلنَّارِۖ قَالَ لِكُلّٖ ضِعۡفٞ وَلَٰكِن لَّا تَعۡلَمُونَ
24,النور,35,0.792,old,800.76,872.9499999999999,72.19,49,435,35/64,54.7,۞ ٱللَّهُ نُورُ ٱلسَّمَٰوَٰتِ وَٱلۡأَرۡضِۚ مَثَلُ نُورِهِۦ كَمِشۡكَوٰةٖ فِيهَا مِصۡبَاحٌۖ ٱلۡمِصۡبَاحُ فِي زُجَاجَةٍۖ ٱلزُّجَاجَةُ كَأَنَّهَا كَوۡكَبٞ دُرِّيّٞ يُوقَدُ مِن شَجَرَةٖ مُّبَٰرَكَةٖ زَيۡتُونَةٖ لَّا شَرۡقِيَّةٖ وَلَا غَرۡبِيَّةٖ يَكَادُ زَيۡتُهَا يُضِيٓءُ وَلَوۡ لَمۡ تَمۡسَسۡهُ نَارٞۚ نُّورٌ عَلَىٰ نُورٖۚ يَهۡدِي ٱللَّهُ لِنُورِهِۦ مَن يَشَآءُۚ وَيَضۡرِبُ ٱللَّهُ ٱلۡأَمۡثَٰلَ لِلنَّاسِۗ وَٱللَّهُ بِكُلِّ شَيۡءٍ عَلِيمٞ
42,الشورى,17,0.792,new_dp_only,358.1,377.65,19.55,11,104,17/53,32.1,ٱللَّهُ ٱلَّذِيٓ أَنزَلَ ٱلۡكِتَٰبَ بِٱلۡحَقِّ وَٱلۡمِيزَانَۗ وَمَا يُدۡرِيكَ لَعَلَّ ٱلسَّاعَةَ قَرِيبٞ
7,الأعراف,143,0.794,new_dp,2604.03,2651.72,47.69,41,365,143/206,69.4,وَلَمَّا جَآءَ مُوسَىٰ لِمِيقَٰتِنَا وَكَلَّمَهُۥ رَبُّهُۥ قَالَ رَبِّ أَرِنِيٓ أَنظُرۡ إِلَيۡكَۚ قَالَ لَن تَرَىٰنِي وَلَٰكِنِ ٱنظُرۡ إِلَى ٱلۡجَبَلِ فَإِنِ ٱسۡتَقَرَّ مَكَانَهُۥ فَسَوۡفَ تَرَىٰنِيۚ فَلَمَّا تَجَلَّىٰ رَبُّهُۥ لِلۡجَبَلِ جَعَلَهُۥ دَكّٗا وَخَرَّ مُوسَىٰ صَعِقٗاۚ فَلَمَّآ أَفَاقَ قَالَ سُبۡحَٰنَكَ تُبۡتُ إِلَيۡكَ وَأَنَا۠ أَوَّلُ ٱلۡمُؤۡمِنِينَ
11,هود,17,0.797,old,347.45,380.45,33.0,39,330,17/123,13.8,أَفَمَن كَانَ عَلَىٰ بَيِّنَةٖ مِّن رَّبِّهِۦ وَيَتۡلُوهُ شَاهِدٞ مِّنۡهُ وَمِن قَبۡلِهِۦ كِتَٰبُ مُوسَىٰٓ إِمَامٗا وَرَحۡمَةًۚ أُوْلَٰٓئِكَ يُؤۡمِنُونَ بِهِۦۚ وَمَن يَكۡفُرۡ بِهِۦ مِنَ ٱلۡأَحۡزَابِ فَٱلنَّارُ مَوۡعِدُهُۥۚ فَلَا تَكُ فِي مِرۡيَةٖ مِّنۡهُۚ إِنَّهُ ٱلۡحَقُّ مِن رَّبِّكَ وَلَٰكِنَّ أَكۡثَرَ ٱلنَّاسِ لَا يُؤۡمِنُونَ
2,البقرة,187,0.798,old,4260.24,4333.28,73.04,65,611,187/286,65.4,أُحِلَّ لَكُمۡ لَيۡلَةَ ٱلصِّيَامِ ٱلرَّفَثُ إِلَىٰ نِسَآئِكُمۡۚ هُنَّ لِبَاسٞ لَّكُمۡ وَأَنتُمۡ لِبَاسٞ لَّهُنَّۗ عَلِمَ ٱللَّهُ أَنَّكُمۡ كُنتُمۡ تَخۡتَانُونَ أَنفُسَكُمۡ فَتَابَ عَلَيۡكُمۡ وَعَفَا عَنكُمۡۖ فَٱلۡـَٰٔنَ بَٰشِرُوهُنَّ وَٱبۡتَغُواْ مَا كَتَبَ ٱللَّهُ لَكُمۡۚ وَكُلُواْ وَٱشۡرَبُواْ حَتَّىٰ يَتَبَيَّنَ لَكُمُ ٱلۡخَيۡطُ ٱلۡأَبۡيَضُ مِنَ ٱلۡخَيۡطِ ٱلۡأَسۡوَدِ مِنَ ٱلۡفَجۡرِۖ ثُمَّ أَتِمُّواْ ٱلصِّيَامَ إِلَى ٱلَّيۡلِۚ وَلَا تُبَٰشِرُوهُنَّ وَأَنتُمۡ عَٰكِفُونَ فِي ٱلۡمَسَٰجِدِۗ تِلۡكَ حُدُودُ ٱللَّهِ فَلَا تَقۡرَبُوهَاۗ كَذَٰلِكَ يُبَيِّنُ ٱللَّهُ ءَايَٰتِهِۦ لِلنَّاسِ لَعَلَّهُمۡ يَتَّقُونَ
3,آل عمران,49,0.798,new_dp,970.4,1020.54,50.14,45,404,49/200,24.5,وَرَسُولًا إِلَىٰ بَنِيٓ إِسۡرَٰٓءِيلَ أَنِّي قَدۡ جِئۡتُكُم بِـَٔايَةٖ مِّن رَّبِّكُمۡ أَنِّيٓ أَخۡلُقُ لَكُم مِّنَ ٱلطِّينِ كَهَيۡـَٔةِ ٱلطَّيۡرِ فَأَنفُخُ فِيهِ فَيَكُونُ طَيۡرَۢا بِإِذۡنِ ٱللَّهِۖ وَأُبۡرِئُ ٱلۡأَكۡمَهَ وَٱلۡأَبۡرَصَ وَأُحۡيِ ٱلۡمَوۡتَىٰ بِإِذۡنِ ٱللَّهِۖ وَأُنَبِّئُكُم بِمَا تَأۡكُلُونَ وَمَا تَدَّخِرُونَ فِي بُيُوتِكُمۡۚ إِنَّ فِي ذَٰلِكَ لَأٓيَةٗ لَّكُمۡ إِن كُنتُم مُّؤۡمِنِينَ
12,يوسف,36,0.798,new_dp,690.9,741.49,50.59,27,252,36/111,32.4,وَدَخَلَ مَعَهُ ٱلسِّجۡنَ فَتَيَانِۖ قَالَ أَحَدُهُمَآ إِنِّيٓ أَرَىٰنِيٓ أَعۡصِرُ خَمۡرٗاۖ وَقَالَ ٱلۡأٓخَرُ إِنِّيٓ أَرَىٰنِيٓ أَحۡمِلُ فَوۡقَ رَأۡسِي خُبۡزٗا تَأۡكُلُ ٱلطَّيۡرُ مِنۡهُۖ نَبِّئۡنَا بِتَأۡوِيلِهِۦٓۖ إِنَّا نَرَىٰكَ مِنَ ٱلۡمُحۡسِنِينَ
11,هود,46,0.8,new_dp,907.55,924.95,17.4,23,173,46/123,37.4,قَالَ يَٰنُوحُ إِنَّهُۥ لَيۡسَ مِنۡ أَهۡلِكَۖ إِنَّهُۥ عَمَلٌ غَيۡرُ صَٰلِحٖۖ فَلَا تَسۡـَٔلۡنِ مَا لَيۡسَ لَكَ بِهِۦ عِلۡمٌۖ إِنِّيٓ أَعِظُكَ أَن تَكُونَ مِنَ ٱلۡجَٰهِلِينَ
27,النمل,49,0.8,new_dp_only,841.18,867.18,26.0,14,148,49/93,52.7,قَالُواْ تَقَاسَمُواْ بِٱللَّهِ لَنُبَيِّتَنَّهُۥ وَأَهۡلَهُۥ ثُمَّ لَنَقُولَنَّ لِوَلِيِّهِۦ مَا شَهِدۡنَا مَهۡلِكَ أَهۡلِهِۦ وَإِنَّا لَصَٰدِقُونَ
60,الممتحنة,13,0.8,new_dp,477.62,489.77,12.15,19,168,13/13,100.0,يَٰٓأَيُّهَا ٱلَّذِينَ ءَامَنُواْ لَا تَتَوَلَّوۡاْ قَوۡمًا غَضِبَ ٱللَّهُ عَلَيۡهِمۡ قَدۡ يَئِسُواْ مِنَ ٱلۡأٓخِرَةِ كَمَا يَئِسَ ٱلۡكُفَّارُ مِنۡ أَصۡحَٰبِ ٱلۡقُبُورِ
2,البقرة,237,0.801,new_dp_only,5816.61,5844.58,27.97,35,307,237/286,82.9,وَإِن طَلَّقۡتُمُوهُنَّ مِن قَبۡلِ أَن تَمَسُّوهُنَّ وَقَدۡ فَرَضۡتُمۡ لَهُنَّ فَرِيضَةٗ فَنِصۡفُ مَا فَرَضۡتُمۡ إِلَّآ أَن يَعۡفُونَ أَوۡ يَعۡفُوَاْ ٱلَّذِي بِيَدِهِۦ عُقۡدَةُ ٱلنِّكَاحِۚ وَأَن تَعۡفُوٓاْ أَقۡرَبُ لِلتَّقۡوَىٰۚ وَلَا تَنسَوُاْ ٱلۡفَضۡلَ بَيۡنَكُمۡۚ إِنَّ ٱللَّهَ بِمَا تَعۡمَلُونَ بَصِيرٌ
3,آل عمران,179,0.803,new_dp,3899.46,3960.1,60.64,36,316,179/200,89.5,مَّا كَانَ ٱللَّهُ لِيَذَرَ ٱلۡمُؤۡمِنِينَ عَلَىٰ مَآ أَنتُمۡ عَلَيۡهِ حَتَّىٰ يَمِيزَ ٱلۡخَبِيثَ مِنَ ٱلطَّيِّبِۗ وَمَا كَانَ ٱللَّهُ لِيُطۡلِعَكُمۡ عَلَى ٱلۡغَيۡبِ وَلَٰكِنَّ ٱللَّهَ يَجۡتَبِي مِن رُّسُلِهِۦ مَن يَشَآءُۖ فَـَٔامِنُواْ بِٱللَّهِ وَرُسُلِهِۦۚ وَإِن تُؤۡمِنُواْ وَتَتَّقُواْ فَلَكُمۡ أَجۡرٌ عَظِيمٞ
5,المائدة,3,0.807,old,96.51,170.76000000000002,74.25,61,588,3/120,2.5,حُرِّمَتۡ عَلَيۡكُمُ ٱلۡمَيۡتَةُ وَٱلدَّمُ وَلَحۡمُ ٱلۡخِنزِيرِ وَمَآ أُهِلَّ لِغَيۡرِ ٱللَّهِ بِهِۦ وَٱلۡمُنۡخَنِقَةُ وَٱلۡمَوۡقُوذَةُ وَٱلۡمُتَرَدِّيَةُ وَٱلنَّطِيحَةُ وَمَآ أَكَلَ ٱلسَّبُعُ إِلَّا مَا ذَكَّيۡتُمۡ وَمَا ذُبِحَ عَلَى ٱلنُّصُبِ وَأَن تَسۡتَقۡسِمُواْ بِٱلۡأَزۡلَٰمِۚ ذَٰلِكُمۡ فِسۡقٌۗ ٱلۡيَوۡمَ يَئِسَ ٱلَّذِينَ كَفَرُواْ مِن دِينِكُمۡ فَلَا تَخۡشَوۡهُمۡ وَٱخۡشَوۡنِۚ ٱلۡيَوۡمَ أَكۡمَلۡتُ لَكُمۡ دِينَكُمۡ وَأَتۡمَمۡتُ عَلَيۡكُمۡ نِعۡمَتِي وَرَضِيتُ لَكُمُ ٱلۡإِسۡلَٰمَ دِينٗاۚ فَمَنِ ٱضۡطُرَّ فِي مَخۡمَصَةٍ غَيۡرَ مُتَجَانِفٖ لِّإِثۡمٖ فَإِنَّ ٱللَّهَ غَفُورٞ رَّحِيمٞ
33,الأحزاب,1,0.809,new_dp,0.28,26.27,25.99,13,122,1/73,1.4,يَٰٓأَيُّهَا ٱلنَّبِيُّ ٱتَّقِ ٱللَّهَ وَلَا تُطِعِ ٱلۡكَٰفِرِينَ وَٱلۡمُنَٰفِقِينَۚ إِنَّ ٱللَّهَ كَانَ عَلِيمًا حَكِيمٗا
2,البقرة,174,0.815,new_dp,3875.05,3917.99,42.94,29,254,174/286,60.8,إِنَّ ٱلَّذِينَ يَكۡتُمُونَ مَآ أَنزَلَ ٱللَّهُ مِنَ ٱلۡكِتَٰبِ وَيَشۡتَرُونَ بِهِۦ ثَمَنٗا قَلِيلًا أُوْلَٰٓئِكَ مَا يَأۡكُلُونَ فِي بُطُونِهِمۡ إِلَّا ٱلنَّارَ وَلَا يُكَلِّمُهُمُ ٱللَّهُ يَوۡمَ ٱلۡقِيَٰمَةِ وَلَا يُزَكِّيهِمۡ وَلَهُمۡ عَذَابٌ أَلِيمٌ
6,الأنعام,152,0.815,new_dp,3427.22,3453.03,25.81,35,322,152/165,92.1,وَلَا تَقۡرَبُواْ مَالَ ٱلۡيَتِيمِ إِلَّا بِٱلَّتِي هِيَ أَحۡسَنُ حَتَّىٰ يَبۡلُغَ أَشُدَّهُۥۚ وَأَوۡفُواْ ٱلۡكَيۡلَ وَٱلۡمِيزَانَ بِٱلۡقِسۡطِۖ لَا نُكَلِّفُ نَفۡسًا إِلَّا وُسۡعَهَاۖ وَإِذَا قُلۡتُمۡ فَٱعۡدِلُواْ وَلَوۡ كَانَ ذَا قُرۡبَىٰۖ وَبِعَهۡدِ ٱللَّهِ أَوۡفُواْۚ ذَٰلِكُمۡ وَصَّىٰكُم بِهِۦ لَعَلَّكُمۡ تَذَكَّرُونَ
3,آل عمران,81,0.816,new_dp,1741.45,1772.22,30.77,33,319,81/200,40.5,وَإِذۡ أَخَذَ ٱللَّهُ مِيثَٰقَ ٱلنَّبِيِّـۧنَ لَمَآ ءَاتَيۡتُكُم مِّن كِتَٰبٖ وَحِكۡمَةٖ ثُمَّ جَآءَكُمۡ رَسُولٞ مُّصَدِّقٞ لِّمَا مَعَكُمۡ لَتُؤۡمِنُنَّ بِهِۦ وَلَتَنصُرُنَّهُۥۚ قَالَ ءَأَقۡرَرۡتُمۡ وَأَخَذۡتُمۡ عَلَىٰ ذَٰلِكُمۡ إِصۡرِيۖ قَالُوٓاْ أَقۡرَرۡنَاۚ قَالَ فَٱشۡهَدُواْ وَأَنَا۠ مَعَكُم مِّنَ ٱلشَّٰهِدِينَ
2,البقرة,260,0.818,new_dp_only,6560.85,6600.45,39.6,39,329,260/286,90.9,وَإِذۡ قَالَ إِبۡرَٰهِـۧمُ رَبِّ أَرِنِي كَيۡفَ تُحۡيِ ٱلۡمَوۡتَىٰۖ قَالَ أَوَلَمۡ تُؤۡمِنۖ قَالَ بَلَىٰ وَلَٰكِن لِّيَطۡمَئِنَّ قَلۡبِيۖ قَالَ فَخُذۡ أَرۡبَعَةٗ مِّنَ ٱلطَّيۡرِ فَصُرۡهُنَّ إِلَيۡكَ ثُمَّ ٱجۡعَلۡ عَلَىٰ كُلِّ جَبَلٖ مِّنۡهُنَّ جُزۡءٗا ثُمَّ ٱدۡعُهُنَّ يَأۡتِينَكَ سَعۡيٗاۚ وَٱعۡلَمۡ أَنَّ ٱللَّهَ عَزِيزٌ حَكِيمٞ
27,النمل,36,0.818,new_dp_only,561.43,597.79,36.36,16,151,36/93,38.7,فَلَمَّا جَآءَ سُلَيۡمَٰنَ قَالَ أَتُمِدُّونَنِ بِمَالٖ فَمَآ ءَاتَىٰنِۦَ ٱللَّهُ خَيۡرٞ مِّمَّآ ءَاتَىٰكُمۚ بَلۡ أَنتُم بِهَدِيَّتِكُمۡ تَفۡرَحُونَ
66,التحريم,8,0.818,new_dp,200.72,241.91,41.19,45,415,8/12,66.7,يَٰٓأَيُّهَا ٱلَّذِينَ ءَامَنُواْ تُوبُوٓاْ إِلَى ٱللَّهِ تَوۡبَةٗ نَّصُوحًا عَسَىٰ رَبُّكُمۡ أَن يُكَفِّرَ عَنكُمۡ سَيِّـَٔاتِكُمۡ وَيُدۡخِلَكُمۡ جَنَّٰتٖ تَجۡرِي مِن تَحۡتِهَا ٱلۡأَنۡهَٰرُ يَوۡمَ لَا يُخۡزِي ٱللَّهُ ٱلنَّبِيَّ وَٱلَّذِينَ ءَامَنُواْ مَعَهُۥۖ نُورُهُمۡ يَسۡعَىٰ بَيۡنَ أَيۡدِيهِمۡ وَبِأَيۡمَٰنِهِمۡ يَقُولُونَ رَبَّنَآ أَتۡمِمۡ لَنَا نُورَنَا وَٱغۡفِرۡ لَنَآۖ إِنَّكَ عَلَىٰ كُلِّ شَيۡءٖ قَدِيرٞ
11,هود,123,0.819,new_dp,2337.61,2349.28,11.67,16,158,123/123,100.0,وَلِلَّهِ غَيۡبُ ٱلسَّمَٰوَٰتِ وَٱلۡأَرۡضِ وَإِلَيۡهِ يُرۡجَعُ ٱلۡأَمۡرُ كُلُّهُۥ فَٱعۡبُدۡهُ وَتَوَكَّلۡ عَلَيۡهِۚ وَمَا رَبُّكَ بِغَٰفِلٍ عَمَّا تَعۡمَلُونَ
9,التوبة,118,0.824,old,2804.8999999999996,2839.1800000000003,34.28,31,273,118/129,91.5,وَعَلَى ٱلثَّلَٰثَةِ ٱلَّذِينَ خُلِّفُواْ حَتَّىٰٓ إِذَا ضَاقَتۡ عَلَيۡهِمُ ٱلۡأَرۡضُ بِمَا رَحُبَتۡ وَضَاقَتۡ عَلَيۡهِمۡ أَنفُسُهُمۡ وَظَنُّوٓاْ أَن لَّا مَلۡجَأَ مِنَ ٱللَّهِ إِلَّآ إِلَيۡهِ ثُمَّ تَابَ عَلَيۡهِمۡ لِيَتُوبُوٓاْۚ إِنَّ ٱللَّهَ هُوَ ٱلتَّوَّابُ ٱلرَّحِيمُ
24,النور,55,0.825,old,1307.79,1356.26,48.47,38,367,55/64,85.9,وَعَدَ ٱللَّهُ ٱلَّذِينَ ءَامَنُواْ مِنكُمۡ وَعَمِلُواْ ٱلصَّٰلِحَٰتِ لَيَسۡتَخۡلِفَنَّهُمۡ فِي ٱلۡأَرۡضِ كَمَا ٱسۡتَخۡلَفَ ٱلَّذِينَ مِن قَبۡلِهِمۡ وَلَيُمَكِّنَنَّ لَهُمۡ دِينَهُمُ ٱلَّذِي ٱرۡتَضَىٰ لَهُمۡ وَلَيُبَدِّلَنَّهُم مِّنۢ بَعۡدِ خَوۡفِهِمۡ أَمۡنٗاۚ يَعۡبُدُونَنِي لَا يُشۡرِكُونَ بِي شَيۡـٔٗاۚ وَمَن كَفَرَ بَعۡدَ ذَٰلِكَ فَأُوْلَٰٓئِكَ هُمُ ٱلۡفَٰسِقُونَ
35,فاطر,25,0.828,new_dp_only,470.73,493.48,22.75,13,137,25/45,55.6,وَإِن يُكَذِّبُوكَ فَقَدۡ كَذَّبَ ٱلَّذِينَ مِن قَبۡلِهِمۡ جَآءَتۡهُمۡ رُسُلُهُم بِٱلۡبَيِّنَٰتِ وَبِٱلزُّبُرِ وَبِٱلۡكِتَٰبِ ٱلۡمُنِيرِ
35,فاطر,36,0.829,new_dp_only,691.18,705.74,14.56,18,155,36/45,80.0,وَٱلَّذِينَ كَفَرُواْ لَهُمۡ نَارُ جَهَنَّمَ لَا يُقۡضَىٰ عَلَيۡهِمۡ فَيَمُوتُواْ وَلَا يُخَفَّفُ عَنۡهُم مِّنۡ عَذَابِهَاۚ كَذَٰلِكَ نَجۡزِي كُلَّ كَفُورٖ
42,الشورى,47,0.83,new_dp_only,875.69,904.33,28.64,21,151,47/53,88.7,ٱسۡتَجِيبُواْ لِرَبِّكُم مِّن قَبۡلِ أَن يَأۡتِيَ يَوۡمٞ لَّا مَرَدَّ لَهُۥ مِنَ ٱللَّهِۚ مَا لَكُم مِّن مَّلۡجَإٖ يَوۡمَئِذٖ وَمَا لَكُم مِّن نَّكِيرٖ
2,البقرة,247,0.833,new_dp_only,6027.39,6059.44,32.05,43,359,247/286,86.4,وَقَالَ لَهُمۡ نَبِيُّهُمۡ إِنَّ ٱللَّهَ قَدۡ بَعَثَ لَكُمۡ طَالُوتَ مَلِكٗاۚ قَالُوٓاْ أَنَّىٰ يَكُونُ لَهُ ٱلۡمُلۡكُ عَلَيۡنَا وَنَحۡنُ أَحَقُّ بِٱلۡمُلۡكِ مِنۡهُ وَلَمۡ يُؤۡتَ سَعَةٗ مِّنَ ٱلۡمَالِۚ قَالَ إِنَّ ٱللَّهَ ٱصۡطَفَىٰهُ عَلَيۡكُمۡ وَزَادَهُۥ بَسۡطَةٗ فِي ٱلۡعِلۡمِ وَٱلۡجِسۡمِۖ وَٱللَّهُ يُؤۡتِي مُلۡكَهُۥ مَن يَشَآءُۚ وَٱللَّهُ وَٰسِعٌ عَلِيمٞ
5,المائدة,32,0.833,old,1025.52,1083.51,57.99,40,347,32/120,26.7,مِنۡ أَجۡلِ ذَٰلِكَ كَتَبۡنَا عَلَىٰ بَنِيٓ إِسۡرَٰٓءِيلَ أَنَّهُۥ مَن قَتَلَ نَفۡسَۢا بِغَيۡرِ نَفۡسٍ أَوۡ فَسَادٖ فِي ٱلۡأَرۡضِ فَكَأَنَّمَا قَتَلَ ٱلنَّاسَ جَمِيعٗا وَمَنۡ أَحۡيَاهَا فَكَأَنَّمَآ أَحۡيَا ٱلنَّاسَ جَمِيعٗاۚ وَلَقَدۡ جَآءَتۡهُمۡ رُسُلُنَا بِٱلۡبَيِّنَٰتِ ثُمَّ إِنَّ كَثِيرٗا مِّنۡهُم بَعۡدَ ذَٰلِكَ فِي ٱلۡأَرۡضِ لَمُسۡرِفُونَ
2,البقرة,219,0.836,new_dp,5119.59,5147.56,27.97,27,265,219/286,76.6,۞ يَسۡـَٔلُونَكَ عَنِ ٱلۡخَمۡرِ وَٱلۡمَيۡسِرِۖ قُلۡ فِيهِمَآ إِثۡمٞ كَبِيرٞ وَمَنَٰفِعُ لِلنَّاسِ وَإِثۡمُهُمَآ أَكۡبَرُ مِن نَّفۡعِهِمَاۗ وَيَسۡـَٔلُونَكَ مَاذَا يُنفِقُونَۖ قُلِ ٱلۡعَفۡوَۗ كَذَٰلِكَ يُبَيِّنُ ٱللَّهُ لَكُمُ ٱلۡأٓيَٰتِ لَعَلَّكُمۡ تَتَفَكَّرُونَ
14,إبراهيم,10,0.836,new_dp,239.6,274.05,34.45,34,305,10/52,19.2,۞ قَالَتۡ رُسُلُهُمۡ أَفِي ٱللَّهِ شَكّٞ فَاطِرِ ٱلسَّمَٰوَٰتِ وَٱلۡأَرۡضِۖ يَدۡعُوكُمۡ لِيَغۡفِرَ لَكُم مِّن ذُنُوبِكُمۡ وَيُؤَخِّرَكُمۡ إِلَىٰٓ أَجَلٖ مُّسَمّٗىۚ قَالُوٓاْ إِنۡ أَنتُمۡ إِلَّا بَشَرٞ مِّثۡلُنَا تُرِيدُونَ أَن تَصُدُّونَا عَمَّا كَانَ يَعۡبُدُ ءَابَآؤُنَا فَأۡتُونَا بِسُلۡطَٰنٖ مُّبِينٖ
42,الشورى,18,0.837,new_dp_only,378.3,397.49,19.19,22,199,18/53,34.0,يَسۡتَعۡجِلُ بِهَا ٱلَّذِينَ لَا يُؤۡمِنُونَ بِهَاۖ وَٱلَّذِينَ ءَامَنُواْ مُشۡفِقُونَ مِنۡهَا وَيَعۡلَمُونَ أَنَّهَا ٱلۡحَقُّۗ أَلَآ إِنَّ ٱلَّذِينَ يُمَارُونَ فِي ٱلسَّاعَةِ لَفِي ضَلَٰلِۭ بَعِيدٍ
2,البقرة,271,0.838,new_dp_only,6915.44,6950.3,34.86,20,187,271/286,94.8,إِن تُبۡدُواْ ٱلصَّدَقَٰتِ فَنِعِمَّا هِيَۖ وَإِن تُخۡفُوهَا وَتُؤۡتُوهَا ٱلۡفُقَرَآءَ فَهُوَ خَيۡرٞ لَّكُمۡۚ وَيُكَفِّرُ عَنكُم مِّن سَيِّـَٔاتِكُمۡۗ وَٱللَّهُ بِمَا تَعۡمَلُونَ خَبِيرٞ
2,البقرة,272,0.842,new_dp_only,6950.94,6975.39,24.45,29,242,272/286,95.1,۞ لَّيۡسَ عَلَيۡكَ هُدَىٰهُمۡ وَلَٰكِنَّ ٱللَّهَ يَهۡدِي مَن يَشَآءُۗ وَمَا تُنفِقُواْ مِنۡ خَيۡرٖ فَلِأَنفُسِكُمۡۚ وَمَا تُنفِقُونَ إِلَّا ٱبۡتِغَآءَ وَجۡهِ ٱللَّهِۚ وَمَا تُنفِقُواْ مِنۡ خَيۡرٖ يُوَفَّ إِلَيۡكُمۡ وَأَنتُمۡ لَا تُظۡلَمُونَ
42,الشورى,5,0.842,new_dp,46.4,63.1,16.7,19,189,5/53,9.4,تَكَادُ ٱلسَّمَٰوَٰتُ يَتَفَطَّرۡنَ مِن فَوۡقِهِنَّۚ وَٱلۡمَلَٰٓئِكَةُ يُسَبِّحُونَ بِحَمۡدِ رَبِّهِمۡ وَيَسۡتَغۡفِرُونَ لِمَن فِي ٱلۡأَرۡضِۗ أَلَآ إِنَّ ٱللَّهَ هُوَ ٱلۡغَفُورُ ٱلرَّحِيمُ
60,الممتحنة,4,0.842,new_dp,123.11,187.4,64.29,52,477,4/13,30.8,قَدۡ كَانَتۡ لَكُمۡ أُسۡوَةٌ حَسَنَةٞ فِيٓ إِبۡرَٰهِيمَ وَٱلَّذِينَ مَعَهُۥٓ إِذۡ قَالُواْ لِقَوۡمِهِمۡ إِنَّا بُرَءَٰٓؤُاْ مِنكُمۡ وَمِمَّا تَعۡبُدُونَ مِن دُونِ ٱللَّهِ كَفَرۡنَا بِكُمۡ وَبَدَا بَيۡنَنَا وَبَيۡنَكُمُ ٱلۡعَدَٰوَةُ وَٱلۡبَغۡضَآءُ أَبَدًا حَتَّىٰ تُؤۡمِنُواْ بِٱللَّهِ وَحۡدَهُۥٓ إِلَّا قَوۡلَ إِبۡرَٰهِيمَ لِأَبِيهِ لَأَسۡتَغۡفِرَنَّ لَكَ وَمَآ أَمۡلِكُ لَكَ مِنَ ٱللَّهِ مِن شَيۡءٖۖ رَّبَّنَا عَلَيۡكَ تَوَكَّلۡنَا وَإِلَيۡكَ أَنَبۡنَا وَإِلَيۡكَ ٱلۡمَصِيرُ
11,هود,45,0.843,old,881.96,893.66,11.7,15,122,45/123,36.6,وَنَادَىٰ نُوحٞ رَّبَّهُۥ فَقَالَ رَبِّ إِنَّ ٱبۡنِي مِنۡ أَهۡلِي وَإِنَّ وَعۡدَكَ ٱلۡحَقُّ وَأَنتَ أَحۡكَمُ ٱلۡحَٰكِمِينَ
16,النحل,3,0.844,new_dp,52.51,61.83,9.32,7,73,3/128,2.3,خَلَقَ ٱلسَّمَٰوَٰتِ وَٱلۡأَرۡضَ بِٱلۡحَقِّۚ تَعَٰلَىٰ عَمَّا يُشۡرِكُونَ
42,الشورى,51,0.844,new_dp_only,973.5,994.12,20.62,23,172,51/53,96.2,۞ وَمَا كَانَ لِبَشَرٍ أَن يُكَلِّمَهُ ٱللَّهُ إِلَّا وَحۡيًا أَوۡ مِن وَرَآيِٕ حِجَابٍ أَوۡ يُرۡسِلَ رَسُولٗا فَيُوحِيَ بِإِذۡنِهِۦ مَا يَشَآءُۚ إِنَّهُۥ عَلِيٌّ حَكِيمٞ
57,الحديد,27,0.844,old,619.07,671.81,52.74,39,399,27/29,93.1,ثُمَّ قَفَّيۡنَا عَلَىٰٓ ءَاثَٰرِهِم بِرُسُلِنَا وَقَفَّيۡنَا بِعِيسَى ٱبۡنِ مَرۡيَمَ وَءَاتَيۡنَٰهُ ٱلۡإِنجِيلَۖ وَجَعَلۡنَا فِي قُلُوبِ ٱلَّذِينَ ٱتَّبَعُوهُ رَأۡفَةٗ وَرَحۡمَةٗۚ وَرَهۡبَانِيَّةً ٱبۡتَدَعُوهَا مَا كَتَبۡنَٰهَا عَلَيۡهِمۡ إِلَّا ٱبۡتِغَآءَ رِضۡوَٰنِ ٱللَّهِ فَمَا رَعَوۡهَا حَقَّ رِعَايَتِهَاۖ فَـَٔاتَيۡنَا ٱلَّذِينَ ءَامَنُواْ مِنۡهُمۡ أَجۡرَهُمۡۖ وَكَثِيرٞ مِّنۡهُمۡ فَٰسِقُونَ
9,التوبة,74,0.845,old,1765.13,1815.08,49.95,46,399,74/129,57.4,يَحۡلِفُونَ بِٱللَّهِ مَا قَالُواْ وَلَقَدۡ قَالُواْ كَلِمَةَ ٱلۡكُفۡرِ وَكَفَرُواْ بَعۡدَ إِسۡلَٰمِهِمۡ وَهَمُّواْ بِمَا لَمۡ يَنَالُواْۚ وَمَا نَقَمُوٓاْ إِلَّآ أَنۡ أَغۡنَىٰهُمُ ٱللَّهُ وَرَسُولُهُۥ مِن فَضۡلِهِۦۚ فَإِن يَتُوبُواْ يَكُ خَيۡرٗا لَّهُمۡۖ وَإِن يَتَوَلَّوۡاْ يُعَذِّبۡهُمُ ٱللَّهُ عَذَابًا أَلِيمٗا فِي ٱلدُّنۡيَا وَٱلۡأٓخِرَةِۚ وَمَا لَهُمۡ فِي ٱلۡأَرۡضِ مِن وَلِيّٖ وَلَا نَصِيرٖ
40,غافر,85,0.848,new_dp,1483.17,1497.68,14.51,17,148,85/85,100.0,فَلَمۡ يَكُ يَنفَعُهُمۡ إِيمَٰنُهُمۡ لَمَّا رَأَوۡاْ بَأۡسَنَاۖ سُنَّتَ ٱللَّهِ ٱلَّتِي قَدۡ خَلَتۡ فِي عِبَادِهِۦۖ وَخَسِرَ هُنَالِكَ ٱلۡكَٰفِرُونَ
42,الشورى,48,0.848,new_dp_only,904.81,934.32,29.51,27,246,48/53,90.6,فَإِنۡ أَعۡرَضُواْ فَمَآ أَرۡسَلۡنَٰكَ عَلَيۡهِمۡ حَفِيظًاۖ إِنۡ عَلَيۡكَ إِلَّا ٱلۡبَلَٰغُۗ وَإِنَّآ إِذَآ أَذَقۡنَا ٱلۡإِنسَٰنَ مِنَّا رَحۡمَةٗ فَرِحَ بِهَاۖ وَإِن تُصِبۡهُمۡ سَيِّئَةُۢ بِمَا قَدَّمَتۡ أَيۡدِيهِمۡ فَإِنَّ ٱلۡإِنسَٰنَ كَفُورٞ
2,البقرة,216,0.849,old,5002.57,5030.110000000001,27.54,25,210,216/286,75.5,كُتِبَ عَلَيۡكُمُ ٱلۡقِتَالُ وَهُوَ كُرۡهٞ لَّكُمۡۖ وَعَسَىٰٓ أَن تَكۡرَهُواْ شَيۡـٔٗا وَهُوَ خَيۡرٞ لَّكُمۡۖ وَعَسَىٰٓ أَن تُحِبُّواْ شَيۡـٔٗا وَهُوَ شَرّٞ لَّكُمۡۚ وَٱللَّهُ يَعۡلَمُ وَأَنتُمۡ لَا تَعۡلَمُونَ
